insert into permissao (id, nome) values 
	(1, 'ROLE_ADMIN')
	, (2, 'ROLE_USER')
;
	
insert into usuario (id,codigo, nome,sobrenome, username, password, enabled, data_cadastro) values 
	(1,'001', 'Jairo','Nascimento', 'jairo.sousa', '$2a$10$JvyF9q/k/eYwXTVjc4Ay0OT/dCwjW14eT88q3e587jaENTvtt30s2', true, '2017-08-19')
	, (2,'002', 'Geovane','Freitas', 'geovane.freitas', '$2a$10$JvyF9q/k/eYwXTVjc4Ay0OT/dCwjW14eT88q3e587jaENTvtt30s2', true, '2017-08-19')
	, (3,'003', 'Rayan','Teixeira', 'rayan.teixeira', '$2a$10$JvyF9q/k/eYwXTVjc4Ay0OT/dCwjW14eT88q3e587jaENTvtt30s2', true, '2017-08-19')
	, (4,'004', 'ACQUA','Default', 'acqua', '$2a$10$JvyF9q/k/eYwXTVjc4Ay0OT/dCwjW14eT88q3e587jaENTvtt30s2', true, '2017-08-19')
;
	
insert into usuario_permissoes (usuario_id, permissao_id) values 
	  (1, 1)
	, (1, 2)
	, (2, 1)
	, (2, 2)
	, (3, 1)
	, (3, 2)
	, (4,1)
	, (4,2)
;

insert into avatares(id, avatar, tipo, titulo) values 
(1, '89504E470D0A1A0A0000000D4948445200000140000001400806000000CD90A5AA000000097048597300000B1300000B1301009A9C1800000A4F6943435050686F746F73686F70204943432070726F66696C65000078DA9D53675453E9163DF7DEF4424B8880944B6F5215082052428B801491262A2109104A8821A1D91551C1114545041BC8A088038E8E808C15512C0C8A0AD807E421A28E83A3888ACAFBE17BA36BD6BCF7E6CDFEB5D73EE7ACF39DB3CF07C0080C9648335135800CA9421E11E083C7C4C6E1E42E40810A2470001008B3642173FD230100F87E3C3C2B22C007BE000178D30B0800C04D9BC0301C87FF0FEA42995C01808401C07491384B08801400407A8E42A600404601809D98265300A0040060CB6362E300502D0060277FE6D300809DF8997B01005B94211501A09100201365884400683B00ACCF568A450058300014664BC43900D82D00304957664800B0B700C0CE100BB200080C00305188852900047B0060C8232378008499001446F2573CF12BAE10E72A00007899B23CB9243945815B082D710757572E1E28CE49172B14366102619A402EC27999193281340FE0F3CC0000A0911511E083F3FD78CE0EAECECE368EB60E5F2DEABF06FF226262E3FEE5CFAB70400000E1747ED1FE2C2FB31A803B06806DFEA225EE04685E0BA075F78B66B20F40B500A0E9DA57F370F87E3C3C45A190B9D9D9E5E4E4D84AC4425B61CA577DFE67C25FC057FD6CF97E3CFCF7F5E0BEE22481325D814704F8E0C2CCF44CA51CCF92098462DCE68F47FCB70BFFFC1DD322C44962B9582A14E35112718E449A8CF332A52289429229C525D2FF64E2DF2CFB033EDF3500B06A3E017B912DA85D6303F64B27105874C0E2F70000F2BB6FC1D4280803806883E1CF77FFEF3FFD47A02500806649927100005E44242E54CAB33FC708000044A0812AB0411BF4C1182CC0061CC105DCC10BFC6036844224C4C24210420A64801C726029AC82422886CDB01D2A602FD4401D34C051688693700E2EC255B80E3D700FFA61089EC128BC81090441C808136121DA8801628A58238E08179985F821C14804128B2420C9881451224B91354831528A542055481DF23D720239875C46BA913BC8003282FC86BC47319481B2513DD40CB543B9A8371A8446A20BD06474319A8F16A09BD072B41A3D8C36A1E7D0AB680FDA8F3E43C730C0E8180733C46C302EC6C342B1382C099363CBB122AC0CABC61AB056AC03BB89F563CFB17704128145C0093604774220611E4148584C584ED848A8201C243411DA093709038451C2272293A84BB426BA11F9C4186232318758482C23D6128F132F107B8843C437241289433227B9900249B1A454D212D246D26E5223E92CA99B34481A2393C9DA646BB20739942C202BC885E49DE4C3E433E41BE421F25B0A9D624071A4F853E22852CA6A4A19E510E534E5066598324155A39A52DDA8A15411358F5A42ADA1B652AF5187A81334759A39CD8316494BA5ADA295D31A681768F769AFE874BA11DD951E4E97D057D2CBE947E897E803F4770C0D861583C7886728199B18071867197718AF984CA619D38B19C754303731EB98E7990F996F55582AB62A7C1591CA0A954A9526951B2A2F54A9AAA6AADEAA0B55F355CB548FA95E537DAE46553353E3A909D496AB55AA9D50EB531B5367A93BA887AA67A86F543FA47E59FD890659C34CC34F43A451A0B15FE3BCC6200B6319B3782C216B0DAB86758135C426B1CDD97C762ABB98FD1DBB8B3DAAA9A13943334A3357B352F394663F07E39871F89C744E09E728A797F37E8ADE14EF29E2291BA6344CB931655C6BAA96979658AB48AB51AB47EBBD36AEEDA79DA6BD45BB59FB810E41C74A275C2747678FCE059DE753D953DDA70AA7164D3D3AF5AE2EAA6BA51BA1BB4477BF6EA7EE989EBE5E809E4C6FA7DE79BDE7FA1C7D2FFD54FD6DFAA7F5470C5806B30C2406DB0CCE183CC535716F3C1D2FC7DBF151435DC34043A561956197E18491B9D13CA3D5468D460F8C69C65CE324E36DC66DC6A326062621264B4DEA4DEE9A524DB9A629A63B4C3B4CC7CDCCCDA2CDD699359B3D31D732E79BE79BD79BDFB7605A785A2CB6A8B6B86549B2E45AA659EEB6BC6E855A3959A558555A5DB346AD9DAD25D6BBADBBA711A7B94E934EAB9ED667C3B0F1B6C9B6A9B719B0E5D806DBAEB66DB67D6167621767B7C5AEC3EE93BD937DBA7D8DFD3D070D87D90EAB1D5A1D7E73B472143A563ADE9ACE9CEE3F7DC5F496E92F6758CF10CFD833E3B613CB29C4699D539BD347671767B97383F3888B894B82CB2E973E2E9B1BC6DDC8BDE44A74F5715DE17AD2F59D9BB39BC2EDA8DBAFEE36EE69EE87DC9FCC349F299E593373D0C3C843E051E5D13F0B9F95306BDFAC7E4F434F8167B5E7232F632F9157ADD7B0B7A577AAF761EF173EF63E729FE33EE33C37DE32DE595FCC37C0B7C8B7CB4FC36F9E5F85DF437F23FF64FF7AFFD100A78025016703898141815B02FBF87A7C21BF8E3F3ADB65F6B2D9ED418CA0B94115418F82AD82E5C1AD2168C8EC90AD21F7E798CE91CE690E85507EE8D6D00761E6618BC37E0C2785878557863F8E7088581AD131973577D1DC4373DF44FA449644DE9B67314F39AF2D4A352A3EAA2E6A3CDA37BA34BA3FC62E6659CCD5589D58496C4B1C392E2AAE366E6CBEDFFCEDF387E29DE20BE37B17982FC85D7079A1CEC2F485A716A92E122C3A96404C884E3894F041102AA8168C25F21377258E0A79C21DC267222FD136D188D8435C2A1E4EF2482A4D7A92EC91BC357924C533A52CE5B98427A990BC4C0D4CDD9B3A9E169A76206D323D3ABD31839291907142AA214D93B667EA67E66676CBAC6585B2FEC56E8BB72F1E9507C96BB390AC05592D0AB642A6E8545A28D72A07B267655766BFCD89CA3996AB9E2BCDEDCCB3CADB90379CEF9FFFED12C212E192B6A5864B572D1D58E6BDAC6A39B23C7179DB0AE315052B865606AC3CB88AB62A6DD54FABED5797AE7EBD267A4D6B815EC1CA82C1B5016BEB0B550AE5857DEBDCD7ED5D4F582F59DFB561FA869D1B3E15898AAE14DB1797157FD828DC78E51B876FCABF99DC94B4A9ABC4B964CF66D266E9E6DE2D9E5B0E96AA97E6970E6E0DD9DAB40DDF56B4EDF5F645DB2F97CD28DBBB83B643B9A3BF3CB8BC65A7C9CECD3B3F54A454F454FA5436EED2DDB561D7F86ED1EE1B7BBCF634ECD5DB5BBCF7FD3EC9BEDB5501554DD566D565FB49FBB3F73FAE89AAE9F896FB6D5DAD4E6D71EDC703D203FD07230EB6D7B9D4D51DD23D54528FD62BEB470EC71FBEFE9DEF772D0D360D558D9CC6E223704479E4E9F709DFF71E0D3ADA768C7BACE107D31F761D671D2F6A429AF29A469B539AFB5B625BBA4FCC3ED1D6EADE7AFC47DB1F0F9C343C59794AF354C969DAE982D39367F2CF8C9D959D7D7E2EF9DC60DBA2B67BE763CEDF6A0F6FEFBA1074E1D245FF8BE73BBC3BCE5CF2B874F2B2DBE51357B8579AAF3A5F6DEA74EA3CFE93D34FC7BB9CBB9AAEB95C6BB9EE7ABDB57B66F7E91B9E37CEDDF4BD79F116FFD6D59E393DDDBDF37A6FF7C5F7F5DF16DD7E7227FDCECBBBD97727EEADBC4FBC5FF440ED41D943DD87D53F5BFEDCD8EFDC7F6AC077A0F3D1DC47F7068583CFFE91F58F0F43058F998FCB860D86EB9E383E3939E23F72FDE9FCA743CF64CF269E17FEA2FECBAE17162F7EF8D5EBD7CED198D1A197F29793BF6D7CA5FDEAC0EB19AFDBC6C2C61EBEC97833315EF456FBEDC177DC771DEFA3DF0F4FE47C207F28FF68F9B1F553D0A7FB93199393FF040398F3FC63332DDB000000206348524D00007A25000080830000F9FF000080E9000075300000EA6000003A980000176F925FC5460000344A4944415478DAEC9DFD6F1BD795F78F793DC311299AD44834254AA24C5955EA45BA0E120458D440816283059A9FFABF36488145BA290A78B16D10206E827AE3A892A9178A34258AB4486A5E32F4FEE0E7F2A1C819CE9DB9C3577D3F40B0DD44E40CEFCBF79E73EEB9E7DE7BF7EEDD3B0200803B480C4D0000800002000004100000208000000001040000082000004000010000020800001040000080000200000410000020800000000104000008200000400001000002080000104000008000020000041000002080000000010400000820000048701F4D00C689E338C27FCB184383010820982F81FBF9E79F8988C8300C320C83BADD2E1986418C31B22C8B1863E4380E75BB5D77372416EB891FFFBF8AA25022912022224DD3E8DEBD7BA4AA2A1A1C44CA3D5C8C0E825872AD568B0CC320D334C9B22CB26D9B1CC7E9FDF728456AF07B1DC7214DD328994C522291204DD3E8FEFDFBB01C0104108CC7B26B341A649A26B5DBED5BEEEC3445C7B2AC5BEFA0691AA9AA4AF1789C32990C4411400041704CD3A446A3419D4E870CC398BBF7E7C2A8AA2A699A46BAAED3F2F232C410400081BB95C75DDAEBEBEB9E3BBB6882914C267BD6613C1E47C70308202CBD464FF4EE8AD87377399BCD92A66910430001BC4BD6DEC5C5055D5F5FF77668EF725B70CB50D7754AA7D318201040B0A8D65EB55AED6D62201E362C869AA6512A95A2959515A4DA4000C122D06C36A956AB51BBDDC6A4161442C6186532195A5D5D459B4100C13C4EE256ABD5133EC6182CBE90643219D2751D7142082098178BAF5EAF9361187075235A4C5455A5542A05218400825916BE6AB54A373737B0F8C62886ABABABF4F0E143B42F0410CC027C73E3EAEA0AF1AA09605916A9AA4ABAAED3DADA1A84100208A6658D5C5C5C50AD56C3249CA26B9CCBE5903E0301049376776BB5DACC262FF3FCBA7E61E6FF3B161B5D7AB2DBED0E95CE9AF558663299A4F5F57558E01040306EF7EBF2F2922E2F2F674210FA858931468AA210638CE2F138699AD6FB3B5EC66A50144789E7BB77EF6E9D43EEAF3CE32692B3403E9F8735080104E3B2FAAAD56AAFAEDEB4048FBB7E9AA6F54A51F597A31AB7B5C6DF810B64A7D3A176BB4DB66DF7E273D36C9B959515588310401025E7E7E753B3FAFACFCEF22363B3980A625916DDDCDCF404915B8FD35A2C76777791320301043298A649272727133FB3CB8F85A9AA4AE9749A969696E6CEA2192CE93549EB905B830F1F3EA48D8D0D0C64082008E3F296CBE5898A1E63AC573F6F1E45CF4F0CA7510042D334DADCDC844B0C0104415CDE376FDE4C6CD2288A42A9546AE1EBE4F123829D4E871A8DC64417166C90400081C064393E3E9E5815E6BB5C2DD9B22CBABABAA27ABD3EB1BEDDDEDE8608420081D7847CF5EA15118D37706F5916ADACAC502E9743907E20DC30891DECD5D555C4052180A01FD334E9F0F070EC16483299A47C3E0FE11B2184E34E30771C871E3C78408542010D0E0104CD66935EBF7E3D9678DFE0C606DC2FB136BBB8B8A066B339B69C4BBECB5E2814B039020184F88D4BFC705655AEFDCECECEA8DD6E8F2D14B1B4B4448F1F3FC6596E08E0DD14BF71A4B9F0C465946D8A2E3C512E977B8565218210402049B55A1D4B1517EE5A6D6F6F23CE37277DC679FCF831DC6108E0DDB0FC4E4E4EC63291745DA75C2E87461EA33538AE93398AA250B158842508015C6CF18B3AE607AB6F3AD660A55289BCF2B6A228D8188100C2F213C5B22C9C379DA2357878781879EE202C4108E0424E96FFFDDFFF8DCC62E01B1D3859305D2CCBA24AA5426FDFBE8D4CB078BE66B15844034300E71FC771E8871F7E88DCAD41B9A5D97389A3EA63244B4300178657AF5E455ABD1871A2D924EAF8AE6559B4BEBE8E4DAD0911431344CFF1F171E4A5DB6DDBA6ABAB2B34EE8C914EA7E9D1A34791B9C2AAAA52BD5EA766B389C68500CE1FE7E7E7F4F6EDDBB17C77A552A16AB58A469E4111DCD9D92145512275AF4DD344E34200E7CB1D7AF3E6CDD876F2B87500119C3DE2F138150A85C844D0B2ACDE6E338000CE3C3C597612313A88E06CA2AA2A150A85481640FE1D676767685808E0EC532E97279AC355ABD52082332A82FBFBFB915982ED761BFD0C019C6D8E8F8FC7563D649485004B707689D21DAE542A88074200679366B31969422CDCE1C57287A31041C6189D9C9C201E08019C2D1CC7A16AB53AF5E34B10C1D915C1EDED6D69E1628C91611874717181468500CE0E171717645956242BBCEC248108CE26F1789CB6B7B7A5C7090F79C0158600CE04A669F62A83C8F2E8D1234A2693D222C83746A21065101D3C595AB67F1DC7A193931334280470FAAE6F54292FBBBBBBBD78D1EAEAAAD424618C51A552C189911915C1070F1E485B81B66DD3F9F9391A1402385DD757F60631CBB26EDDD4C618A3870F1FD283070FA44410C9D2B3CBE6E626298A226D09361A0DB8C210C0E9B9BEB55A4DFA7B1E3E7C3854D28A314685422112771822387B30C6687B7B3B12CF611CF7CA4000812F51ECFA6A9A460F1F3EF4FCEFC562911E3C78201DCBABD56A7097668C783C4EB95C4E7A816BB7DBB002218093B7FEA288AFE5F3795F112D140AB4B2B2221D13BCBCBC84253863A4D3E948E2BDA552098D09019C1CA55249CA7D711C87745D172E68BAB9B9291D13648CF576871DC74132ED8C10C5D5A59665A16C16047032349B4D2997945F6214A4D02563AC278232F01C3224D2CE0E8C31DADDDD951A537C71C3A206011C3B516C7C6C6F6F871AE4516E8C40046787783C4E2B2B2B522268DB36B55A2D342604707C98A6297D276C369B95BACB03BBC38BC9E6E626A9AA2AD5AFB0022180634526FB9E0FCCB5B535E9F7E0BBC3519D1801B3E10AE7F379A93E6DB7DBB00243721F4D309A66B349ED763BF4E6071FE051154CE0C9B4979797A1BF93C78E8868AC97EF58964537373764180675BBDD5B25C31863A4691A251209D234ED4EDF74C74F89B4DBED507DAAAA2AD56A355A5E5EC6BDC210C068A9D56A52834AD3B448EFF0E527466CDB962AC3C53746A21441C771A8D56A51B95CA65AAD46AD568B6E6E6E7A31AE7E2BA7FFBD5555A54422416B6B6BB4B5B51568A77C51C8E7F3F4D34F3F85FE3C8F05E2BEE860E05ACC1198A6493FFDF4536891711C877EF18B5F8C6D321F1D1D916118D2DFA3EB3AADACAC84BEC0BDD96CD2C9C9099D9C9C50A3D1E8095D90EFEA17C7A5A525CA66B3F48B5FFC22927411D1DF50AFD7C9300CD234EDD631C549717C7C2CB5A8259349DC290C018C8EF3F3736A341AA13FAF280AEDEDED8DF51D8F8E8E42BB4E832218D4126C369BF4E2C50B3A3B3BF3143DD1D896D7E7745DA7BDBD3DDADFDF1F5B1BBE78F1820E0E0EE8E6E6E69608FFFAD7BFA68D8D0D2CB810C0BBC9CB972F437FD6B22CFAE52F7F3991C1787C7C4C575757D249DAD96C5648044DD3A4BFFEF5AF747C7CEC69E9398E43CBCBCBA4EBBAD0B3EBF53ADDDCDC787ED7D2D2127DFCF1C7542C16236DBB6FBEF9867EFCF147CFE7FEFBBFFFFB444550D6AACF6432137DDF790731C011D68DE338A157E395959589ADC4DCED9111C1FE8D91B5B5354F4178F5EA157DF7DD779E6DC385EFE38F3F0EE48E5996D5B3C4DCDECDB22C7AFEFC39BD7EFD9A3EFEF8E348625DCD66930E0E0E46F6F177DF7D3731379CE8FD26D7AB57AF423FAFD1684CF47DE71DA4C1782053F4C0719CB1EEAE7A4D9C28CE0E7B254B3B8E43CF9F3FA76FBFFDD6D3EAE3AEE36F7FFBDBC0B1285555E9D34F3FA5BDBD3DCFDFC018A3B3B333FAEAABAFE8E8E848BACDEAF5FAC8F6628C51A7D399688A89AAAA52277F2CCB424A0C04503E16232324D348EBE02746C69527C818A36C363B7251701C870A85829475F6AFFFFAAFB4BCBC3CF277726B502644414442351DA7515D5B66F1545515E783218072F4EF6486219BCD4EEDDDA33831E275E5E693274FE8A38F3E1AF9DDB296EFFDFBF7291E8FFBBE3F638CBEFDF65BFAE69B6FC20FFE584C4850264D3C1E274DD3427FDE300C94CA121D6F6882612BE6FAFA3A94FBEB380EA9AA1A792E56B55AA57ABDDECBAB1BE4E9D3A7B79E592C1623D91D764B967EF2E409699A46CF9F3F77FDEE282C5FD1C9CF18A31F7FFC912E2E2E28994C067E4EABD5F26D1F1E9BF462696989D6D6D6224F9BD1759D5EBF7E1D4A802DCB22C330B01B0C010CCECF3FFF2C55EE3E954A45F21E9665D13FFFF94FFAC73FFEE12A7A8342F5D9679F0D89A06C5E99D7899162B1488EE3D0FFFCCFFF0C7D77A55291B2021DC7A166B329FCCEBCE6E1E5E565A8DF2702DFEDF682EF22673219FAE8A38F22D9855D5E5EA6A5A5A550963CB7E09114ED0FD2605CAC2D99D31FBBBBBBD22BEFF9F939FDF5AF7F15B250B8682C2D2D0D89A0E33874767616C9C5ED6E7982AF5EBDEA6D8AF45B44BFFBDDEF42B7C1AB57AFE86F7FFBDB5CEE62F29DF1CDCD4D7AF6EC99F46F90C943658CD1CECE0EAC40BF30089A201AF797E87D26BEEC803B3E3EA63FFDE94FC2E2C707FBCDCD0D7DF5D557B702E0FDA5B46483F96E31C1FDFD7DFAE4934F6E5929AD568BFEEBBFFE2B540CEAF8F898BEFFFEFBB94DE1E0EF7D7C7C4CFFF99FFF291D87D3753D74BF59962595C40F0BF00E625916BD7CF93254DCC5711CDADEDE96723BCECFCFE94F7FFA9354FA0D638C3EFFFCF3A1F788F2D8DCA025F8F2E54BFAF6DB6F7BEFCD2D525ED67FD4C5EF8C31320C832A950A9D9D9D2D4CFE9AE338B4BABA4AFFF11FFF21F59B0E0E0E4285641CC7A1070F1EE0681C047032EEAFA22854281442EF1A9AA6495F7CF185B4A5E6E50E731194DD18F13A317270703014130C1ABF5AB4E45DC771E8830F3EA04F3FFD34F477F073D66137E59E3C7982A468B8C062C8B8BFAAAA4AA54CFCFDEF7FF7DDEC90718789A2A927C82F5F1F7487F7F6F686DC615E5C41F49F45833146070707527979A37222459E8FA46808A0F06AD9ED76437F56C6F5354D938E8F8F231381512218C5454B5E97AF3F79F2843EF9E4130CA681B1F1EAD52BA9BE94C90944523404508856AB257DFA43C6F58EC2FA1311C1284F8C8C4A9606FFBFBDFDD268FC9049AD8A22EE0B01BC03C80C14D9DDDF7195A7E722F8E5975F0E59027C775896B02746EE12373737529658269309DD9696654DE5381F0470CE087BFED7B22C4A241252CF1EE74D6D7C07D64D048BC522699A3696B3C3DC1D8608CABBA2B2A955D8E78400FA123659989F00901DA0E3DC04E02238E98D91274F9ED0BFFDDBBF410489A4DB20ACB5CE18433E2004D0DF8A9319D8B22BF4BD7BF7C62E1293D818A9D56A43DFCD7787EF3AB20B5C2291083D4E51180102383617218A38DA2427E1CDCD0D7DFDF5D763D918618C51B95C1E1241AF8D11C7717AFF80D1643299D0228A18A037288640EFCB5F851D5C51153F98A408B65A2DFAEAABAF8692A50B8542242746CAE532198631544546D7F55EAA916DDB641806359B4DBAB8B8087D99D29D99A8F7EF876E17DBB6C9B2ACA994F68200CE01322E824CFACBB42DC12FBFFC72E8D85C54A5B4EAF5FAD095A0A3AAC498A649F57A9D4E4F4FE9F8F8D8F37E90BBEC422793C95B772B8BE2380E3642E0028F1E20774900F9841AE7C60811D1C9C989F0EE673C1EA78D8D0DFAF4D34FE9F7BFFF3D3D7BF62C7439A845455194D0ED817C4008A0276156D57ED7649EAD8A716E8C30C6028960FFE78AC522FDFEF7BFA78F3EFA8854558510D2FB8D90B0678221801040572CCB0AED6A298AB210AE95D78991698A20E7C30F3FA4CF3EFB8C0A8502443024AAAA62271802E8CEBB77EF42EF92A9AABA1071AA7E11EC9F28FDF504C7B13B2C4A3A9DA6DFFCE637F4AB5FFDEA4E8BE0D2D252E8CFC2028400463E3016A9DA2E17C12FBEF8626C27464E4E4EA48EFD3D7DFA949E3D7B766745903126E575C08286007A0EAC3083695E3740FC4470304F90E87D427314EEB0DBB1B920148B457AF6EC19C6298000466501863D02B7A893ACD56AB98A605431C17ABD2E7536B6582CDED9620B6137842CCBA29F7FFE198A0701BCCD5DCB019411C1A8364688482A2648F43EB1FA830F3EB89322085716020877644222386A63441659117CFAF429E9BA7EA7046111320F20800BB09ADE95499748245C377BA2DC18092B82AAAAA2D04200B0130C011C12B1B013585194B94E8216B5027FFDEB5F7BFEF7A84A69C988602E97BB5339826193A1010410045C1CF6F6F67CEF3A998564E9A74F9FA2C360014200A761212DF26FDBDFDF17FABBCDCDCD4892A5C38A603A9DA6CDCD4D6C0E00082088C6FA5B5F5F17BEE98E9FDD95DD18913931F2CB5FFE121D072080201A363737037F669A2746745D973A2A0620800010D1FB33A7A36AF77961595664EEB05B79FD51C4E3F13B9712032080604C02B8BCBC1CF873AAAA92AAAA9195D70F1A137CF4E8113A0F400041781CC7A1E5E565A90D1E9E2C2DEB0E078D09EABA8E141100019CA4582C22BAAE47D236516C8C10899F18D1340D714000010C6261C06218260AD1E26D1B8525282A82F7EFDFC7C53F3E0B04800046826DDB0B5B5D23CA89D29F22237B3DA35F4C903136913B96A749A7D3C1460F04305A2B70929FBBAB148B455A595999EA8911002080118155383851A5C8C856919977CF23ECE20B17180238844C79A1453D5B69DBF6D8ACED7197D2DADEDE86D7022080A22412895016C9225B80E3FC6D3C2618455D3B3711FCF0C30F17BA5AB4CC055E8B5EBD080238C109CF185B580BF0EDDBB7637FC6DEDEDED8EA092EAA08CAFC1E846C2080AEC8C44516F5AED57ABD3E91E78CF3C4C8228AA0E338D4ED7643B7135C6708E010F7EEDD0B9D3B2653507556618C51B3D99C88B84779F9BA973BBC487709DFDCDC84FE2DD8008100BA12F6962DA2F16D164C9B56AB458D46636282BBB9B919C9047513C1A74F9FD2AF7EF5AB85E897B02117CBB216EA0E6B08E018441016E06D2A95CA44ADCEA84A697989E0BFFCCBBFCC7D5F99A6193A5E0D0B10023816F7E0E6E666E1DA83314667676713158C2853645EBF7EED2A82F31E13947977082004D01319F760517782EBF53A1D1F1F4F5C780B850231C6A426BBAAAA9E1B23F31A13741C277412343F22082080AE643299D093E2FAFA7A61DBE5E5CB9753B13E1F3F7E3CB61323F31A13FCF9E79F43E7002A8A82221110406F6456C776BBBD906DC218A37ABD4E0707075379368F09CAB2283141994D29881F04D07780C8144558D47C40C618BD78F1626A42512C167BEE9F0C5E31C17972873B9D4EE8318A1D6008A02F6177201DC79958CAC834B8B9B9A1E7CF9F4F4D80F7F7F7A57787BD6282F3B43112D6D3701C8732990C2638047034894422D40AABAA2A753A9D856D17C6181D1F1F4FC515E6CFDFDBDB8BE4CACD793D311236FD85830D1008E0D82C40BE3A2FAA1BCCC5E39B6FBEA1F3F3F3A9BD43A150204551EEE4899146A311DAFDE517550108E048C2DC82D6CFA2A6C3F4F3DFFFFDDF5313C149244BCFAA085E5F5F871240C77190FF0701149F6061DD2C7E7E76D1B12C8BFEFCE73F4F3C3F705004658E2FCE9B083A8E137A71658C513A9DC6E486008A11B636201707D93B2FE685BFFCE52F53C911E493FAF1E3C79158365E1B23B32482AD566BAA9E0D04F00E2173678561180B792CCE4B84BEFDF65BFAFAEBAFC76EF93A8E433FFCF0C3ADE744E50E7B6D8CCC9208D6EBF5D0F1BF6432891258104071545595DA6DBC4BF754F0F3C25F7DF515BD78F122F24D20C771E8FCFC9CFEF0873FD077DF7D47CF9F3F1F12417E7658560467354FD0344DA9447BE4FF410003934AA5424FA4B0BBC1EFDEBD9B5B11B42C8BBEFFFE7BFAE28B2FE8C58B17D46C36A544C3344D3A3838A0BFFCE52FF4E73FFF995AAD56EF54CAF3E7CF6FB56FFFBDC3B2BF6316638232D61F630CF97F02E092800132990C552A9550A9033C293A97CB05FADCBCE769F50BE13FFEF10FCA6432B4BDBD4DABABABF4F0E143DF49DC6C36A956AB51B95CA65AADD60B25F45731E622F8C73FFE913EFFFCF35EFF7077F8E8E828747D46FE8C72B94C44746BE3E0E9D3A74444F4FDF7DF4BB99341EF40711C47EA9CB9A228B0002180211AE4FEFDD079537C37786D6D2DD064595B5BA3CBCBCB85708B89882E2F2F7BBF8731464B4B4B944EA77BFF9BE87D70FFE6E666C8621C55BA9D3146AD568BBEFCF24BFADDEF7ED79BE05C04FFF9CF7F4672C7C8384430914804FAFB56AB15FAB7388E43BAAE63324300C34D625DD7A956AB85CEBD6AB55A81D20F0A85C2D44E5A8C530839373737AEBB99FDD65D90EF6EB55AF4C73FFE917EFBDBDFF6DA99EF0E1F1F1F53BBDD96721DBD44903146DF7DF75DE0EFD6753D703A8ACCBD2CAAAA22FF4F10C4003DDC601977A756AB05FAFBB5B5B59E65B4C80BCBE03F32DFD56AB5C6BA3112553D41C771A85028047ABE699A5289F5707F218052C4E371A9096A1846A0CD107EDE155717061329BE31E22682B2E91F516D8C2C2D2D05BEACBD5AAD867E6FB8BF10C048C8E572A1139B19638107F1FEFE3EE9BA0E110C21825F7FFDF5D0EEF093274F22B97C5D2645C6711CFAE0830F02B9BF966549DDCBACAA2A929F2180F22C2F2F4B59116FDFBE0D6405AAAA4ACF9E3D932E077F174590C70407DBAD582C8EADBCBE9F0872D7F7C30F3F0CF4BCB3B333A971C7379B0004507A62ADAEAE4A7D3EA815984EA7E9F3CF3FA7A5A52588600811FCC31FFE30E40E3F7EFC58BA1A4AD01323DCF2FBCD6F7E13E839B2B13FC77168656505030202180DB22E6998C4E8743A4D9F7DF6196D6E6EF60635101741B798E0CECE4E24C7E6FCDC61C771485555FAE4934FE8D34F3F0DFC0C999D5FA2F747DF50FA2A18F7DECDEB318409717474147A55761C8792C964AFB47B50CECFCFE9A79F7EA25AAD469665410C03842FFA5364785F1C1F1F4B5B588C31CAE7F34371BD1F7EF8816E6E6E687F7F3F540516D334E9F0F050EA77BBBD1780004AD16C36E9F5EBD7522BABECC0344D931A8D06753A1D88A000DD6E9752A9146D6C6CDCFAF79665F592A565E364518B8DCC424BF43EF585C73C010430520E0E0EC8308CD089D1FC6E0B0CCEE9E3388ED4B1B97188A0EC226B59163D7AF408D65F08100314209BCD86FE2C17BD8B8B0B34E40CC08FCD8D2B45268C2057AB55A9C5F1C18307103F08E0F848A7D3D2A70B6AB5DA42DF1B32AF22388E1499209C9D9D916559520288C46708E0D8896290F133A6603644709CA5B4445DDFABAB2B29F1D3340D89CF10C0C9588132938531468661481D7302D1A2AA6A64EE705011741C87CAE5B294F8F1636F882D430027C2F6F6B6D4BD1FFCE8165CE1D97387A33881134404DFBC7923BD1BAD691A627F10C0C9118FC7A5EE0DE9778591CE325B2218C58911DEB77E22D86C36E9F2F252DAFA0B5A64014000A5095AEDD90DC330E8CD9B3768CC19839F189115D35122689AA6B4EB4BF47EE71725AF208053B102B3D9ACF4B1AA376FDEF42609ACC1D9B002E3F138E5F379E998A0D7C688E3389159FF512CC40002188AA025EFDD505595CAE532E28133B8C08D2B2678767646B66D4B8F9D4C2603EB0F02385D6B61777737928BD04BA51276F166B07FF7F7F72389097211E4292F32388E438AA20C1DF103E1C1513809CECFCFE9CD9B3791945B7AFCF8318470C688F2D85C14E78FF9C607767E6101CE040F1F3E8CE42E0FCBB2E8ECEC0CB1C019B404B7B7B723B960280AF1CB66B3103F08E06C4D905C2E272D5C8C317AFBF62D9D9D9DA151670CBE3132CD5BD61CC7214DD3686D6D0D1D02019C2DD2E9343D78F0203211AC56ABB004675404A338311296EDED6D84482080B309BF8A310A8BB252A9A072CC8C8AE0F6F6F65444309BCD62D7170238DBE4F3F9482C375555A952A9E0CCF08C8AE0DEDEDE442DB16432899C3F08E0FC580851A4C6A8AA4AB55A0DEEF08CC277ECA3E86B2F78BFF3BB61000470E649A7D3F4F0E1C348448B174EC091B9D9835FB41445D863D422B8BBBB8BB81F0470BED8D8D888645384D36834E8E8E80896E00C5AFC5195D2722397CB21EE07019C4F0A8542A4DFF7F6ED5B3A3A3A42C3CEA025984AA522777D755D47BEDF84C0499031E1380EBD7CF932521786E71D6272CC46FF5E5C5C50A55289EC2E5EC771E8C18307912FA0000238154CD3A49F7EFA29F2380EEE7F9D2E966551A552A1B76FDF46D6B7B277480308E04CD26C36A95C2E473E011F3E7C8843F1535AD44AA592F4454683E05E5F08E0428BA0ECE5EA6E1683A669B4BDBD8D60F984A856AB54ABD5221529DE8F854221D2F10120803327822727276359E1755D47B2EC98ADBE939313320C23F2FE83E50701840511814BBCB4B4443B3B3BB006C7D067954A8518636311A9A8EE220110C0B9B104A38E0972578A8868757515B1C188ACBE72B94CED763B72E1731C875455A5478F1E41FC2080775304A38E09F64F2E4DD3503B4EA2FDCECECEA8DD6E8FEDFB354D83DB0B0184088E2B26C8AB0FF383F4708BC5DAACD56A51B55A8D7C877750FCB0E101010434BE3CC1412084FE8B51AD561BCB2647BFF821C91902085C44F0F0F070ECCFB12C8B565656208403C2374E8B0FE2070104821C1D1D8D25E0EE86A669A4EB3A2D2F2FDFB93894655974757545F57A7D62AE352E328200028189F2E6CD9B486E99134551144AA55277E29ED966B3499D4E871A8DC6449F8B638B10401070A28E234D6694F032C67A56E1D2D2D2C204E84DD3A446A3419D4E870CC398E8B3354DA3CDCD4D6C7640004198897B727242ED767BA21388EF52AAAA4AE9747A2EC5908B9E699AD46EB723B98F37A88B8D73DA10401001E7E7E77479793995381D4FACD6346DA6DD64CBB2E8E6E6863A9D0EB5DBED9EA537AD3643BC0F020822768927B153E937B1F9E9054DD328914890A669A4691ADDBF7F9F186363B5B4B8183B8E43EFDEBD23C3307A8267DB36599635354B95BFDB83070F687D7D1D2E2F04108CC3CAB9BCBC9C9A35E836E9F97B30C6485114628C513C1EBF7581B8A66974EFDE3D218B8C0B0917388E6118649A26599645DD6E7726AF06C0460704104CC81AACD56A64DBF6CCBEE3A025C8FF772C36FAF60537719B74FC2E28C96412561F04104C5A602E2E2EC652550688B5BFAAAAB89A000208A689699A54AD56E9EAEA6A6CA59AC0B035AAEB3AADADADA1BD21806056DCE27ABD3EB15324103EB4310410CCDC246DB55A54AFD7C9308C998F9DCD93AB9B4AA548D7759C9F8600827911C259DF28990732990C840F0208E6DD359EF41130081F80008299816F964CE358D8BC58CDFCB4CBCACA0A525A20806011E165A0AEAFAFC75AF8735E448F57CC4EA7D34867810082BB6615361A0DBABEBEBE33B1C2FEA37CE9749A344D839B0B208077DDFD6BB55A6418C6C25A86BCD417440F400081909B3C8DFA7951BD3F11F52CBD45AB6F0820806082D6E1CF3FFF3C545B8F9FD79DE6E913FE1EFCF9BC86613C1EA74C26D3AB500300041044263A44D47399798516DBB6C7228CFDDFC9AD3AEECE2A8AD22BC905B10310403075D7F3E6E6A6F7FFF37A7DBC4EA0E338D4ED765D3F1B8BC55CABC77091E3DCC50B9C0004102C88E52802040E400001006042C4D004000008200000400001000002080000104000008000020000041000002080000000010400000820000040000100000208000010400000800002000004100000208000000001040000082000008C99FB6882D198A6E979AF45A7D321A2F7F75E98A6F97E4589C548D3344A2412B72EF5F1FAEEEBEB6BB26D9B6CDBA6783C3E742F86611843170AF11BD1969797A57E5BABD5A276BB4DA669926118BDDFC96F5E4BA552944AA52816135B276DDBA666B3D96B9720C4E371D2344DF879DD6E979ACD26B5DB6DD70B97783FA4D369521465A8DDEBF53AD9B63DF4B9442241BAAEBBBEC3C5C505351A0D5255B5F7FD7EF0FE6BB7DBA4280AADAFAF07EAB74EA743D7D7D7B76EE1EBEFA3643249E9745AB88FC06D7027C8080E0E0E5C278928A3067CABD5A2939313A9F7531485F2F9BCAFD00ED26C36A956AB09FD36C618E9BAEE290A51B697E8F36CDBA6A3A323E10B977676767A6DD4ED76E9F0F070E47B663219DAD8D8B8F5EFAAD52AD5EBF548C6D5EEEE2EC5E371DFC5A952A908B7A7AEEB94CD6621847081A3A1D3E9484F66DBB6E9E4E484CECFCF87FE5B1493C9B66D2A954AD46C3685FEBEDBEDD2D1D11195CB65E1DFE6380ED56A352A954A3D2BD7CB9A956DAFC1E7795DA559AFD703DD36D76F917A597EFD341A8D5B7FD3E97422133F22A272B93CB28F4E4F4FE9E4E424507BD6EB753A3C3C1CD9470002284C2291A04C2613C977351A0DBABABABAF5EF52A954A413CA6FB274BB5D2A954A641846A867188641A552C9F339F1789CB2D96C64BF893FCF4D0483F64BBF85ECE6120F924AA56EFDCDC5C545A463CB300C6AB55A9E7D747D7D2DB5204204218091B0B1B12134A9755DF79D54B55AEDD6FFBFB2B242F97CDEF7BB33998C9058BA4DA87E64C4AFDF3A3B3D3DF5FCEF6B6B6BBEEDA5280A65B359D275DDF71E60C330A85AAD86165BC6D85088405114DADDDDF514D16C364B5B5B5BB744A9DD6E473EB6DCBEB35C2E47D247A3AC6700010CC4DADA1A2593C9917F93CBE5686F6F6FA450398E33B439904EA77DBF3B9D4EDF9A90412654BF05336A627151F213712E4AA32C22BF78A4AAAAB4B6B6D66B33BF670EBAA3FDFDE2B709A1EB3AA5D3E9E1411F8BB9FE7BB7F7F76A37C698EFBB2B8AE2F98E83565AB3D91C69F931C6289BCDFA8E173ED6DC160E00011C2B7EAE5918D7845B497E03DF6B3276BBDD91F12B4DD3686F6F8FD6D6D6687777576867B35EAF476261C46231212BD84B70FD2CC8B0A18FC1F673636767C7B74F344DA3ADAD2DD7F71C7CCEA08730F83B791F150A05A11080D7C2012080E36B4C9F1D38B7C0BD9FC5C4770BFDDC30AFC9787D7D3D72C3A0FFF9B158CC73C20EFE0ED18D1711C1F1B3A4C6E1828AB2BCBC3CD41EF97C9EE2F1B8EF7BF354153791EFB740FD36901289C4ADB195CBE584ACF5A8639710402065E1054D57217A1FD8167167BCBEDB2F276F70722B8AE2E91E0E5A1851E16775DAB61D794C2B485F148B45CA643294C96468676747A87D0645746767E7D677F40B98DFA6C760FBC462315A5D5DF57D6ED8CD94BB0412A123A0D3E990699A23DD189189EEC6C1C181AF806D6D6D8DCC990B6A95663219DFB40FD960FD60BBF84D56C330422D2051A028CA505E6018C1F57A7FBFB6745BC4D2E934552A15DFBEB56D5BC85A840082D0944A25DFBFC96432AE22251BA7D9DADA1A290C7EF9726E938BBB777EEF36EB932BCC82330DFCAC5B37818CC562944C267DC3031040B8C033311173B95C280BCD8FD3D3D3A11CC3201886E1FA0E22BB8DB31E641FF7A98820C9D8B2CF710BAF4CCB228600026192C924EDECEC8C6D323A8E43954A456AA7D42D8750C46A98E4048C7AC7370AF18E2AE158646CB8C55CE7C5C28500DE4152A914E5F3792A140A52E2B7BEBE2E94085DABD55C5D291121BBBCBC0C2C6EE348411985DFD9D9A002354BD6AB8890359BCDA1FE151957B012478318600416DED6D6562F4EC3180B3559474DFC743A4D3FFEF8A3EFDF5E5F5F0FED50261209DF1D5B5EC5653035C34FE0A3B28AFC360144DC71AFF658595919ABF516D562E9B781E6380ED5EB755A5B5B1316715888B000C74EBBDDA6582CD6DBE58B52FCFA577A91E457B70D8D542A2564AD55ABD55BA2E0279A5EA92041E362DD6ED73755C7EB5922F9836EA1814EA7E32A3841370B2CCB0ADC1F5E8B9CC8B3EBF5FAAD3EF2DB39D7751D131416E0EC0BA80822969CD76EA1AEEB421646A954A2743ADDAB5138CA22F372AD820A60B55A1DF919C698A7B529D226B55A8DAEAFAF7BDFD1E9743CDB3C88A5D9ED7685528CBADDAE90ABBABEBEEE5B1EADBF8F4CD31C3976782D44000194A2D3E9F8BA68171717B75C1351DCCA64B9ADFA22C555B9000EBAB244EFCFCD5E5F5FFBFE0EEE668D8231E6991367DBB6AF55D26F958D12234E3E9FF714106EDDFA89AE611842798BA282717575E51A37757B6EA954A25C2EE7DB7FCBCBCB944AA57CDB4FB48F448E1802B8C0BE03BD542AF94EB05AAD16F8D811AF2EECC7F5F5355D5C5CF4AAFFFA512E975D2BB6ECECEC486F5C30C6864E31709ACDA67041D45AAD46B55ACD57FC3299CCC8EAC9B158CC33BD2828BAAE0B2D329D4E2750A152C330E8F4F454E8244B3E9F8F246E97CBE5C6128A8100DE31821C250A5A303348D978FEDDA256A6DB77C76231DADBDB0B3DC1344DA39D9D1DCF8915D5D9604E369B153A7D914EA7A5AD9D4C26232CA461CAFD3B8E236481C66231A1220B5EF0525F707DE10247423A9D168AD171CB28A8C5211AFFE3939317690DBB41118BC5A8582CD2D5D515D56A35A1781D2F51EF27BEA26DE5472A95A26C361BC88249A7D3944824A85AAD065AB4344DA36C361BE88E0E5DD785C20983CF114D4789C562542814C6766D01B80DEE04F1815F5CE4B5F22712094AA552A15C0E9E7EE276F1115FD153A9D4D0046D369B54AFD78726A1A66994C9643C533F0669B55ABD0D0F7E2912638C344DA3783C4EC964329038F45FB2346AC20FFE5E5E1146A4328C489BF2F7E876BBB72E7BE296954C9FF5FF56C330465A8461DA70549B0EF691D7F80010400000F0B7B8D10400000820000040000100000208000010400000800002000004100000E69FB93E09D2E974E8FAFAFA56650C45514855D55E01015EB5637979D933C99627B506819729E7CFCD66B39E99F8A3129E1389845006BF6DDB43E590F8EFE5272164E06DE09594CDDBD3ED39CD66936CDB1E4A0AE6956844DE8D5F0CEED63EE9743A7082F4C5C505D5EBF55EE2702A95A25C2E17E94989FEF1675956EFD4064F524E2693148FC77B7D964EA7473EDFEF0E672F78BFD9B6DDBB7EC1ABCDF9381C1C47B1584CF8048E575FA55229DFDF386BCC6522B4699A54AD56031DBDE2C7D5063BF8EAEACAF7762D513299CCD0F9D556ABE55BE6C8ED7383BFD7AF2843369B0D5591C6B66D3A3A3A122E6335F89CD3D353DFE3673B3B3B2345B05AAD8E9CF88C312A168BC222787E7EEE7A5CD06B0C84592C821444E87F7E3E9FF73CB9F1EAD5AB48EE19F16A2FBF621522EDECD5B6FD0BF2DEDE1E5CE0718A5FA9540A7CEED4711C3A3939195AB5A2BC74DB6D6088ACE88D4663E491AA72B91CEA763711FCEAF18D7A0E3F2628F28C51DFE7D746FC7A475141F79AA05E6340946EB74BA7A7A774727212AAA4BEE338542E975D9F6F9A6664972C398E3374CF4BABD512AA5F38AA445BB3D914AA2E1E762C42000506E0C9C949E881C2DDC87EF2F97CA4F75B0C76BE68555EAF725ADC65F123AC0B1CF4B7F75B4FFCACAB888BE6552D46B48C98E87B8A5CE5592E97438DBD52A9247DD9B8E338AE6D118FC723ADE03CF89E894442A81250BBDDF61430BFA2BABC9FE6A914FF5C0960B95CF61DE08AA28C9C2C8303835748F173AF52A9146D6F6FD3CECE0EADAFAF93AEEB429372797999D6D7D785069EDBED6C22832E994C86727F898836363684CAED73F777B06CD4D6D696D08077FB1D220551B90B2DEAB68A5877A38A5B8C1A7B7E0B91A669944C267DC785D7F7E47239CA66B3BEE37B7D7D9D767676687B7B9BB2D9AC50FBC76231E17A836E8B128FF38AF4D53CC500E74A00FD56DF4C26437B7B7BB4BFBFEF69D9B90D3E45517C452097CBD1F2F2726F2340D775D722A36E96D8CACA8A90A534188B141D742275F3FC3EEF373114457115D9582C465B5B5B4296D9E0C412B1FE8294921A252E41DC72B7C93F6AEC31C6687777978AC522150A05DADFDFF715322FFC16B2542A452B2B2BB736A58AC5E2D0F8756BB3783C2E54F7D06D311659883399CCDC15629D1B011459B1FBCB13A5D369D7EAC55E422722007CD21E1E1ED2C1C1011986D17B06636CA4A5273289F96E719041D7FF6E32F85DBDA9AAAAF4F3EBF57ACF4213B5FE44AE040D2380A3DCF2A056F8D6D6D6D0C45F5B5BF31441BFB130AA3DF982DBED76E9E0E0804AA5121D1D1DD1C6C646CF854E26939E352145DDD3FEC55874218E621C4E9AB949831115C052A9D4AB9396C964687777974E4F4FA9DD6E533299F48CB3889AEDFDEF51ABD5686F6F2FD25DAF6AB5DABB1B4264D04D2ADE12C5FDB2FD573B06BD4240D4FD0D12A3ABD56ABED593FD360F781D432F6B6E705366D4254FFD8B8D5FDF773A9D5E2CDC300C6AB55A94CBE57C2D3CD171DE7F55AAE8423C8F7710CF8D0006695CBED951AFD77BEEEDD6D696546CA2D96C92A228B7AC96715CAEED384EEF263311267D41B92C7C3245B9FBDEDF474170BB0FD9CD1D0C6B19F3F082AEEBBDCBAD64CBD5773A1DEA743A43BBB18661445E18B55AADF6F20B1795B911404DD3846E00731BE45C50F2F97CE81885D7CE61A7D3897CE50B930C3B8F2218F5C23778531B8FBB8E12313F2BD0EF027511B72F1E8F4BC769FB05D9EDF7044DE40F62B12F32732380A2F7DBFAB9C741126AC1FCE016A7D2759DE2F1381D1C1C4859817E0BECA01BDE6C36A9DD6EF7AE1A181465EE3647797951D8DCC6BBCE5CED02AFADAD49C5BC1CC7194BEC098C0FD1893D68A9288AD23BFEE8B7C32F63E5589675EB5D0F0E0EA852A9785E9CD46EB7A9D16850B95C16BA171A40006FB9235B5B5B817706FB69341AA1564B45515CC557D49A748BA388C6EFE62DCE17E53B8BB8766E97D777BB5D3A3E3EA6E3E363DFEFF0BBDCC8AF5F79DF369BCD40211A917BA1DD70CB35140DEDB8FD4ED1313C8FE3706104B05AADD2E1E1211D1D1DF59292C37648987849369BA562B1784B041545E90D1EDBB6E9EAEACA535CDD045024272B93C9CC55663D87DF5027D2AEB2B859F58EE3F4E26522FDEDE519881672082242418567B05D0B85C2D0D8E16384BBE041045D748C4575093D0430047C57D4711CAA56AB148FC7696F6F8FF2F9BC94451874B0F64F88D5D5D59EB81D1D1D51A552A1838303610B53A4CA895F62EC3882DFA296C32871E7BFCFCF9291DD40B26D3B921D65AF23602263AB5EAF936DDB944824687D7D5DE834085FC4C35AD6FDEFC5D3BE88DE6FD695CB652A954A81C23D7EC7F032998CEF589DC738E4DC08607FE33A8E43A7A7A7BD49B6B5B5457B7B7B52D6845FE7F1FFCECB5EEDECECD0CACA4AEF803C777D1CC709948B36EA9D45065D5407E86545C8CB7A1A750226ECF13D11CB2D0C5E677445FAA0542A91699AB4B2B242854261A4F8A75229D7E4694E7F5CD173E2FEBFA36DBAAED3EEEE2EC562B1A1132B415C6CBFC558A4AF26B518DF49011C34D10DC3A0C3C3C3DE911D7E54CB6FB032C65CAD0E9138111F78FDF5D644CE887A7DBF6DDB944EA73DAD053E89FC442E8A95D7EF378415DA51271244ACBF5196A7699AAE939CD7E2E3FF88BA9A8D46C355CC45CE72DBB64DA55289CECFCFE9EAEA6A644EA29F55392AEFAEDFDA4DA7D3BD1A879D4E672855CB6D5C8D6A4FAF90452A952245511672A7796ED260E2F1F890AB63DB76AFD65E3299147285BC4C7DBF98C9E044731CC735F8EE26D6DD6ED755404CD32445515CD37BB87BE8964AE1E682C958532265AD0CC3A0F3F373D77C36B7CFF2DFCB4F12B8A5A8787D76F0B9A6690E594B6E139E4F7AB793397C87D64FC84F4F4F696B6BEB96682E2F2F532693F1B5A81CC7F1FD1B5EC0D60BB78218839C9F9FDF7A3FC3305CDBD12DAEE73696AEAFAF696D6DAD97B03DD846BCAFFC7E5BA3D1102AEE0B0B30047E017511F1D3346D48006DDBA6E3E363DFCFF3846AFE4FBD5E771D4C8CB15B93B5D56A79E6A195CB65EA743AAE9565D2E9742FB6E847AD560B7C0AA25F1844CB43351A0DBABABA1A9A8C6E69248661F4DE7DD0CDE722D06C36856A01964AA55BD6C7F9F939954A25574BC9711C3A3A3ABAF5F7DD6E970E0F0F85AC58FEDE8309D01B1B1B42052DFCBC8F5171BFABAB2BA1BE68341AB7C6A2D722D26F61F35D71B7BF350C834E4F4F7BB9B66E967AB55AF55DAC6CDBA6C3C343B8C0E3B20065363B344D732DD5C39356A3627000552A15CF89C7377406071E1788FEF39E7E84AD53275A6FD0ED396E47B20627D6D5D5D5507C892F66A2F977FD71D56EB7EB6B890C163A087A9CCBCB922B140AA16BF631C646C6FDFCC64A50062D4DBF71CE4BFB0F2EC67CF112ED2BDBB67D4FCF40004392CFE72993C9044A7F618C51369BF5AC5316E53136C6D8D004F13B2BCADD145DD77BC7FDF2F97CCF0A14B13AF86F0C43229108D49EFD934AF418188FA331C66ED52E142D469BC9647ACF75B352BC04A0BF8D83FC464DD33CDB3397CBD1CECE4E206B3093C950B158F41D6B51A63B0D7A4C7E293A8C318AC562BD18378FFDF1F3C57C4C8A1800F354126B2EEF04E976BBBDF81B8FDDF1D58D57A4E5C78D52A9946F4C821F300F437F226C2E971BEA7C9E97E55688955F22E3F75B6BB59AE7AA1A8FC7A5EBB0F1E3605E6D108FC7495555D78BA53A9D8EEB31346EB1FB4D7AD3347B69246EF0FA778354AB55D736F1BA24CAAB1FDC1604D138168F9D724B9D5BD2FD97228DBA8CCBAD1F5AAD56282B905FD2C5DBDE2D676F545FE9BAEEFB9EAD56CBF320412C16A36432E9DA5710400000800B0C000010400000800002000004100000208000000001040000082000004000010000020800001040000080000200000410000020800000000104000008200000400001000002080080000200000410000020800000000104000008200000400001000002080000104000008000020000041000002080000000010400000820000040000100000208000010400000800002000004100000C6C7FF0D00112A7AC9908E62C60000000049454E44AE426082', 'image/png', 'default.png'),
(2, '89504E470D0A1A0A0000000D4948445200000140000001400806000000CD90A5AA000000097048597300000B1300000B1301009A9C1800000A4F6943435050686F746F73686F70204943432070726F66696C65000078DA9D53675453E9163DF7DEF4424B8880944B6F5215082052428B801491262A2109104A8821A1D91551C1114545041BC8A088038E8E808C15512C0C8A0AD807E421A28E83A3888ACAFBE17BA36BD6BCF7E6CDFEB5D73EE7ACF39DB3CF07C0080C9648335135800CA9421E11E083C7C4C6E1E42E40810A2470001008B3642173FD230100F87E3C3C2B22C007BE000178D30B0800C04D9BC0301C87FF0FEA42995C01808401C07491384B08801400407A8E42A600404601809D98265300A0040060CB6362E300502D0060277FE6D300809DF8997B01005B94211501A09100201365884400683B00ACCF568A450058300014664BC43900D82D00304957664800B0B700C0CE100BB200080C00305188852900047B0060C8232378008499001446F2573CF12BAE10E72A00007899B23CB9243945815B082D710757572E1E28CE49172B14366102619A402EC27999193281340FE0F3CC0000A0911511E083F3FD78CE0EAECECE368EB60E5F2DEABF06FF226262E3FEE5CFAB70400000E1747ED1FE2C2FB31A803B06806DFEA225EE04685E0BA075F78B66B20F40B500A0E9DA57F370F87E3C3C45A190B9D9D9E5E4E4D84AC4425B61CA577DFE67C25FC057FD6CF97E3CFCF7F5E0BEE22481325D814704F8E0C2CCF44CA51CCF92098462DCE68F47FCB70BFFFC1DD322C44962B9582A14E35112718E449A8CF332A52289429229C525D2FF64E2DF2CFB033EDF3500B06A3E017B912DA85D6303F64B27105874C0E2F70000F2BB6FC1D4280803806883E1CF77FFEF3FFD47A02500806649927100005E44242E54CAB33FC708000044A0812AB0411BF4C1182CC0061CC105DCC10BFC6036844224C4C24210420A64801C726029AC82422886CDB01D2A602FD4401D34C051688693700E2EC255B80E3D700FFA61089EC128BC81090441C808136121DA8801628A58238E08179985F821C14804128B2420C9881451224B91354831528A542055481DF23D720239875C46BA913BC8003282FC86BC47319481B2513DD40CB543B9A8371A8446A20BD06474319A8F16A09BD072B41A3D8C36A1E7D0AB680FDA8F3E43C730C0E8180733C46C302EC6C342B1382C099363CBB122AC0CABC61AB056AC03BB89F563CFB17704128145C0093604774220611E4148584C584ED848A8201C243411DA093709038451C2272293A84BB426BA11F9C4186232318758482C23D6128F132F107B8843C437241289433227B9900249B1A454D212D246D26E5223E92CA99B34481A2393C9DA646BB20739942C202BC885E49DE4C3E433E41BE421F25B0A9D624071A4F853E22852CA6A4A19E510E534E5066598324155A39A52DDA8A15411358F5A42ADA1B652AF5187A81334759A39CD8316494BA5ADA295D31A681768F769AFE874BA11DD951E4E97D057D2CBE947E897E803F4770C0D861583C7886728199B18071867197718AF984CA619D38B19C754303731EB98E7990F996F55582AB62A7C1591CA0A954A9526951B2A2F54A9AAA6AADEAA0B55F355CB548FA95E537DAE46553353E3A909D496AB55AA9D50EB531B5367A93BA887AA67A86F543FA47E59FD890659C34CC34F43A451A0B15FE3BCC6200B6319B3782C216B0DAB86758135C426B1CDD97C762ABB98FD1DBB8B3DAAA9A13943334A3357B352F394663F07E39871F89C744E09E728A797F37E8ADE14EF29E2291BA6344CB931655C6BAA96979658AB48AB51AB47EBBD36AEEDA79DA6BD45BB59FB810E41C74A275C2747678FCE059DE753D953DDA70AA7164D3D3AF5AE2EAA6BA51BA1BB4477BF6EA7EE989EBE5E809E4C6FA7DE79BDE7FA1C7D2FFD54FD6DFAA7F5470C5806B30C2406DB0CCE183CC535716F3C1D2FC7DBF151435DC34043A561956197E18491B9D13CA3D5468D460F8C69C65CE324E36DC66DC6A326062621264B4DEA4DEE9A524DB9A629A63B4C3B4CC7CDCCCDA2CDD699359B3D31D732E79BE79BD79BDFB7605A785A2CB6A8B6B86549B2E45AA659EEB6BC6E855A3959A558555A5DB346AD9DAD25D6BBADBBA711A7B94E934EAB9ED667C3B0F1B6C9B6A9B719B0E5D806DBAEB66DB67D6167621767B7C5AEC3EE93BD937DBA7D8DFD3D070D87D90EAB1D5A1D7E73B472143A563ADE9ACE9CEE3F7DC5F496E92F6758CF10CFD833E3B613CB29C4699D539BD347671767B97383F3888B894B82CB2E973E2E9B1BC6DDC8BDE44A74F5715DE17AD2F59D9BB39BC2EDA8DBAFEE36EE69EE87DC9FCC349F299E593373D0C3C843E051E5D13F0B9F95306BDFAC7E4F434F8167B5E7232F632F9157ADD7B0B7A577AAF761EF173EF63E729FE33EE33C37DE32DE595FCC37C0B7C8B7CB4FC36F9E5F85DF437F23FF64FF7AFFD100A78025016703898141815B02FBF87A7C21BF8E3F3ADB65F6B2D9ED418CA0B94115418F82AD82E5C1AD2168C8EC90AD21F7E798CE91CE690E85507EE8D6D00761E6618BC37E0C2785878557863F8E7088581AD131973577D1DC4373DF44FA449644DE9B67314F39AF2D4A352A3EAA2E6A3CDA37BA34BA3FC62E6659CCD5589D58496C4B1C392E2AAE366E6CBEDFFCEDF387E29DE20BE37B17982FC85D7079A1CEC2F485A716A92E122C3A96404C884E3894F041102AA8168C25F21377258E0A79C21DC267222FD136D188D8435C2A1E4EF2482A4D7A92EC91BC357924C533A52CE5B98427A990BC4C0D4CDD9B3A9E169A76206D323D3ABD31839291907142AA214D93B667EA67E66676CBAC6585B2FEC56E8BB72F1E9507C96BB390AC05592D0AB642A6E8545A28D72A07B267655766BFCD89CA3996AB9E2BCDEDCCB3CADB90379CEF9FFFED12C212E192B6A5864B572D1D58E6BDAC6A39B23C7179DB0AE315052B865606AC3CB88AB62A6DD54FABED5797AE7EBD267A4D6B815EC1CA82C1B5016BEB0B550AE5857DEBDCD7ED5D4F582F59DFB561FA869D1B3E15898AAE14DB1797157FD828DC78E51B876FCABF99DC94B4A9ABC4B964CF66D266E9E6DE2D9E5B0E96AA97E6970E6E0DD9DAB40DDF56B4EDF5F645DB2F97CD28DBBB83B643B9A3BF3CB8BC65A7C9CECD3B3F54A454F454FA5436EED2DDB561D7F86ED1EE1B7BBCF634ECD5DB5BBCF7FD3EC9BEDB5501554DD566D565FB49FBB3F73FAE89AAE9F896FB6D5DAD4E6D71EDC703D203FD07230EB6D7B9D4D51DD23D54528FD62BEB470EC71FBEFE9DEF772D0D360D558D9CC6E223704479E4E9F709DFF71E0D3ADA768C7BACE107D31F761D671D2F6A429AF29A469B539AFB5B625BBA4FCC3ED1D6EADE7AFC47DB1F0F9C343C59794AF354C969DAE982D39367F2CF8C9D959D7D7E2EF9DC60DBA2B67BE763CEDF6A0F6FEFBA1074E1D245FF8BE73BBC3BCE5CF2B874F2B2DBE51357B8579AAF3A5F6DEA74EA3CFE93D34FC7BB9CBB9AAEB95C6BB9EE7ABDB57B66F7E91B9E37CEDDF4BD79F116FFD6D59E393DDDBDF37A6FF7C5F7F5DF16DD7E7227FDCECBBBD97727EEADBC4FBC5FF440ED41D943DD87D53F5BFEDCD8EFDC7F6AC077A0F3D1DC47F7068583CFFE91F58F0F43058F998FCB860D86EB9E383E3939E23F72FDE9FCA743CF64CF269E17FEA2FECBAE17162F7EF8D5EBD7CED198D1A197F29793BF6D7CA5FDEAC0EB19AFDBC6C2C61EBEC97833315EF456FBEDC177DC771DEFA3DF0F4FE47C207F28FF68F9B1F553D0A7FB93199393FF040398F3FC63332DDB000000206348524D00007A25000080830000F9FF000080E9000075300000EA6000003A980000176F925FC5460000344A4944415478DAEC9DFD6F1BD795F78F793DC311299AD44834254AA24C5955EA45BA0E120458D440816283059A9FFABF36488145BA290A78B16D10206E827AE3A892A9178A34258AB4486A5E32F4FEE0E7F2A1C819CE9DB9C3577D3F40B0DD44E40CEFCBF79E73EEB9E7DE7BF7EEDD3B0200803B480C4D0000800002000004100000208000000001040000082000004000010000020800001040000080000200000410000020800000000104000008200000400001000002080000104000008000020000041000002080000000010400000820000048701F4D00C689E338C27FCB184383010820982F81FBF9E79F8988C8300C320C83BADD2E1986418C31B22C8B1863E4380E75BB5D77372416EB891FFFBF8AA25022912022224DD3E8DEBD7BA4AA2A1A1C44CA3D5C8C0E825872AD568B0CC320D334C9B22CB26D9B1CC7E9FDF728456AF07B1DC7214DD328994C522291204DD3E8FEFDFBB01C0104108CC7B26B341A649A26B5DBED5BEEEC3445C7B2AC5BEFA0691AA9AA4AF1789C32990C4411400041704CD3A446A3419D4E870CC398BBF7E7C2A8AA2A699A46BAAED3F2F232C410400081BB95C75DDAEBEBEB9E3BBB6882914C267BD6613C1E47C70308202CBD464FF4EE8AD87377399BCD92A66910430001BC4BD6DEC5C5055D5F5FF77668EF725B70CB50D7754AA7D318201040B0A8D65EB55AED6D62201E362C869AA6512A95A2959515A4DA4000C122D06C36A956AB51BBDDC6A4161442C6186532195A5D5D459B4100C13C4EE256ABD5133EC6182CBE90643219D2751D7142082098178BAF5EAF9361187075235A4C5455A5542A05218400825916BE6AB54A373737B0F8C62886ABABABF4F0E143B42F0410CC027C73E3EAEA0AF1AA09605916A9AA4ABAAED3DADA1A84100208A6658D5C5C5C50AD56C3249CA26B9CCBE5903E0301049376776BB5DACC262FF3FCBA7E61E6FF3B161B5D7AB2DBED0E95CE9AF558663299A4F5F57558E01040306EF7EBF2F2922E2F2F674210FA858931468AA210638CE2F138699AD6FB3B5EC66A50144789E7BB77EF6E9D43EEAF3CE32692B3403E9F8735080104E3B2FAAAD56AAFAEDEB4048FBB7E9AA6F54A51F597A31AB7B5C6DF810B64A7D3A176BB4DB66DF7E273D36C9B959515588310401025E7E7E753B3FAFACFCEF22363B3980A625916DDDCDCF404915B8FD35A2C76777791320301043298A649272727133FB3CB8F85A9AA4AE9749A969696E6CEA2192CE93549EB905B830F1F3EA48D8D0D0C64082008E3F296CBE5898A1E63AC573F6F1E45CF4F0CA7510042D334DADCDC844B0C0104415CDE376FDE4C6CD2288A42A9546AE1EBE4F123829D4E871A8DC64417166C90400081C064393E3E9E5815E6BB5C2DD9B22CBABABAA27ABD3EB1BEDDDEDE8608420081D7847CF5EA15118D37706F5916ADACAC502E9743907E20DC30891DECD5D555C4052180A01FD334E9F0F070EC16483299A47C3E0FE11B2184E34E30771C871E3C78408542010D0E0104CD66935EBF7E3D9678DFE0C606DC2FB136BBB8B8A066B339B69C4BBECB5E2814B039020184F88D4BFC705655AEFDCECECEA8DD6E8F2D14B1B4B4448F1F3FC6596E08E0DD14BF71A4B9F0C465946D8A2E3C512E977B8565218210402049B55A1D4B1517EE5A6D6F6F23CE37277DC679FCF831DC6108E0DDB0FC4E4E4EC63291745DA75C2E87461EA33538AE93398AA250B158842508015C6CF18B3AE607AB6F3AD660A55289BCF2B6A228D8188100C2F213C5B22C9C379DA2357878781879EE202C4108E0424E96FFFDDFFF8DCC62E01B1D3859305D2CCBA24AA5426FDFBE8D4CB078BE66B15844034300E71FC771E8871F7E88DCAD41B9A5D97389A3EA63244B4300178657AF5E455ABD1871A2D924EAF8AE6559B4BEBE8E4DAD0911431344CFF1F171E4A5DB6DDBA6ABAB2B34EE8C914EA7E9D1A34791B9C2AAAA52BD5EA766B389C68500CE1FE7E7E7F4F6EDDBB17C77A552A16AB58A469E4111DCD9D92145512275AF4DD344E34200E7CB1D7AF3E6CDD876F2B87500119C3DE2F138150A85C844D0B2ACDE6E338000CE3C3C597612313A88E06CA2AA2A150A85481640FE1D676767685808E0EC532E97279AC355ABD52082332A82FBFBFB915982ED761BFD0C019C6D8E8F8FC7563D649485004B707689D21DAE542A88074200679366B31969422CDCE1C57287A31041C6189D9C9C201E08019C2D1CC7A16AB53AF5E34B10C1D915C1EDED6D69E1628C91611874717181468500CE0E171717645956242BBCEC248108CE26F1789CB6B7B7A5C7090F79C0158600CE04A669F62A83C8F2E8D1234A2693D222C83746A21065101D3C595AB67F1DC7A193931334280470FAAE6F54292FBBBBBBBD78D1EAEAAAD424618C51A552C189911915C1070F1E485B81B66DD3F9F9391A1402385DD757F60631CBB26EDDD4C618A3870F1FD283070FA44410C9D2B3CBE6E626298A226D09361A0DB8C210C0E9B9BEB55A4DFA7B1E3E7C3854D28A314685422112771822387B30C6687B7B3B12CF611CF7CA4000812F51ECFA6A9A460F1F3EF4FCEFC562911E3C78201DCBABD56A7097668C783C4EB95C4E7A816BB7DBB002218093B7FEA288AFE5F3795F112D140AB4B2B2221D13BCBCBC84253863A4D3E948E2BDA552098D09019C1CA55249CA7D711C87745D172E68BAB9B9291D13648CF576871DC74132ED8C10C5D5A59665A16C16047032349B4D2997945F6214A4D02563AC278232F01C3224D2CE0E8C31DADDDD951A537C71C3A206011C3B516C7C6C6F6F871AE4516E8C40046787783C4E2B2B2B522268DB36B55A2D342604707C98A6297D276C369B95BACB03BBC38BC9E6E626A9AA2AD5AFB0022180634526FB9E0FCCB5B535E9F7E0BBC3519D1801B3E10AE7F379A93E6DB7DBB00243721F4D309A66B349ED763BF4E6071FE051154CE0C9B4979797A1BF93C78E8868AC97EF58964537373764180675BBDD5B25C31863A4691A251209D234ED4EDF74C74F89B4DBED507DAAAA2AD56A355A5E5EC6BDC210C068A9D56A52834AD3B448EFF0E527466CDB962AC3C53746A21441C771A8D56A51B95CA65AAD46AD568B6E6E6E7A31AE7E2BA7FFBD5555A54422416B6B6BB4B5B51568A77C51C8E7F3F4D34F3F85FE3C8F05E2BEE860E05ACC1198A6493FFDF4536891711C877EF18B5F8C6D321F1D1D916118D2DFA3EB3AADACAC84BEC0BDD96CD2C9C9099D9C9C50A3D1E8095D90EFEA17C7A5A525CA66B3F48B5FFC22927411D1DF50AFD7C9300CD234EDD631C549717C7C2CB5A8259349DC290C018C8EF3F3736A341AA13FAF280AEDEDED8DF51D8F8E8E42BB4E832218D4126C369BF4E2C50B3A3B3BF3143DD1D896D7E7745DA7BDBD3DDADFDF1F5B1BBE78F1820E0E0EE8E6E6E69608FFFAD7BFA68D8D0D2CB810C0BBC9CB972F437FD6B22CFAE52F7F3991C1787C7C4C575757D249DAD96C5648044DD3A4BFFEF5AF747C7CEC69E9398E43CBCBCBA4EBBAD0B3EBF53ADDDCDC787ED7D2D2127DFCF1C7542C16236DBB6FBEF9867EFCF147CFE7FEFBBFFFFB444550D6AACF6432137DDF790731C011D68DE338A157E395959589ADC4DCED9111C1FE8D91B5B5354F4178F5EA157DF7DD779E6DC385EFE38F3F0EE48E5996D5B3C4DCDECDB22C7AFEFC39BD7EFD9A3EFEF8E348625DCD66930E0E0E46F6F177DF7D3731379CE8FD26D7AB57AF423FAFD1684CF47DE71DA4C1782053F4C0719CB1EEAE7A4D9C28CE0E7B254B3B8E43CF9F3FA76FBFFDD6D3EAE3AEE36F7FFBDBC0B1285555E9D34F3FA5BDBD3DCFDFC018A3B3B333FAEAABAFE8E8E848BACDEAF5FAC8F6628C51A7D399688A89AAAA52277F2CCB424A0C04503E16232324D348EBE02746C69527C818A36C363B7251701C870A85829475F6AFFFFAAFB4BCBC3CF277726B502644414442351DA7515D5B66F1545515E783218072F4EF6486219BCD4EEDDDA33831E275E5E693274FE8A38F3E1AF9DDB296EFFDFBF7291E8FFBBE3F638CBEFDF65BFAE69B6FC20FFE584C4850264D3C1E274DD3427FDE300C94CA121D6F6882612BE6FAFA3A94FBEB380EA9AA1A792E56B55AA57ABDDECBAB1BE4E9D3A7B79E592C1623D91D764B967EF2E409699A46CF9F3F77FDEE282C5FD1C9CF18A31F7FFC912E2E2E28994C067E4EABD5F26D1F1E9BF462696989D6D6D6224F9BD1759D5EBF7E1D4A802DCB22C330B01B0C010CCECF3FFF2C55EE3E954A45F21E9665D13FFFF94FFAC73FFEE12A7A8342F5D9679F0D89A06C5E99D7899162B1488EE3D0FFFCCFFF0C7D77A55291B2021DC7A166B329FCCEBCE6E1E5E565A8DF2702DFEDF682EF22673219FAE8A38F22D9855D5E5EA6A5A5A550963CB7E09114ED0FD2605CAC2D99D31FBBBBBBD22BEFF9F939FDF5AF7F15B250B8682C2D2D0D89A0E33874767616C9C5ED6E7982AF5EBDEA6D8AF45B44BFFBDDEF42B7C1AB57AFE86F7FFBDB5CEE62F29DF1CDCD4D7AF6EC99F46F90C943658CD1CECE0EAC40BF30089A201AF797E87D26BEEC803B3E3EA63FFDE94FC2E2C707FBCDCD0D7DF5D557B702E0FDA5B46483F96E31C1FDFD7DFAE4934F6E5929AD568BFEEBBFFE2B540CEAF8F898BEFFFEFBB94DE1E0EF7D7C7C4CFFF99FFF291D87D3753D74BF59962595C40F0BF00E625916BD7CF93254DCC5711CDADEDE96723BCECFCFE94F7FFA9354FA0D638C3EFFFCF3A1F788F2D8DCA025F8F2E54BFAF6DB6F7BEFCD2D525ED67FD4C5EF8C31320C832A950A9D9D9D2D4CFE9AE338B4BABA4AFFF11FFF21F59B0E0E0E4285641CC7A1070F1EE0681C047032EEAFA22854281442EF1A9AA6495F7CF185B4A5E6E50E731194DD18F13A317270703014130C1ABF5AB4E45DC771E8830F3EA04F3FFD34F477F073D66137E59E3C7982A468B8C062C8B8BFAAAA4AA54CFCFDEF7FF7DDEC90718789A2A927C82F5F1F7487F7F6F686DC615E5C41F49F45833146070707527979A37222459E8FA46808A0F06AD9ED76437F56C6F5354D938E8F8F231381512218C5454B5E97AF3F79F2843EF9E4130CA681B1F1EAD52BA9BE94C90944523404508856AB257DFA43C6F58EC2FA1311C1284F8C8C4A9606FFBFBDFDD268FC9049AD8A22EE0B01BC03C80C14D9DDDF7195A7E722F8E5975F0E59027C775896B02746EE12373737529658269309DD9696654DE5381F0470CE087BFED7B22C4A241252CF1EE74D6D7C07D64D048BC522699A3696B3C3DC1D8608CABBA2B2A955D8E78400FA123659989F00901DA0E3DC04E02238E98D91274F9ED0BFFDDBBF410489A4DB20ACB5CE18433E2004D0DF8A9319D8B22BF4BD7BF7C62E1293D818A9D56A43DFCD7787EF3AB20B5C2291083D4E51180102383617218A38DA2427E1CDCD0D7DFDF5D763D918618C51B95C1E1241AF8D11C7717AFF80D1643299D0228A18A037288640EFCB5F851D5C51153F98A408B65A2DFAEAABAF8692A50B8542242746CAE532198631544546D7F55EAA916DDB641806359B4DBAB8B8087D99D29D99A8F7EF876E17DBB6C9B2ACA994F68200CE01322E824CFACBB42DC12FBFFC72E8D85C54A5B4EAF5FAD095A0A3AAC498A649F57A9D4E4F4FE9F8F8D8F37E90BBEC422793C95B772B8BE2380E3642E0028F1E20774900F9841AE7C60811D1C9C989F0EE673C1EA78D8D0DFAF4D34FE9F7BFFF3D3D7BF62C7439A845455194D0ED817C4008A0276156D57ED7649EAD8A716E8C30C6028960FFE78AC522FDFEF7BFA78F3EFA8854558510D2FB8D90B0678221801040572CCB0AED6A298AB210AE95D78991698A20E7C30F3FA4CF3EFB8C0A8502443024AAAA62271802E8CEBB77EF42EF92A9AABA1071AA7E11EC9F28FDF504C7B13B2C4A3A9DA6DFFCE637F4AB5FFDEA4E8BE0D2D252E8CFC2028400463E3016A9DA2E17C12FBEF8626C27464E4E4EA48EFD3D7DFA949E3D7B766745903126E575C08286007A0EAC3083695E3740FC4470304F90E87D427314EEB0DBB1B920148B457AF6EC19C6298000466501863D02B7A893ACD56AB98A605431C17ABD2E7536B6582CDED9620B6137842CCBA29F7FFE198A0701BCCD5DCB019411C1A8364688482A2648F43EB1FA830F3EB89322085716020877644222386A63441659117CFAF429E9BA7EA7046111320F20800BB09ADE95499748245C377BA2DC18092B82AAAAA2D04200B0130C011C12B1B013585194B94E8216B5027FFDEB5F7BFEF7A84A69C988602E97BB5339826193A1010410045C1CF6F6F67CEF3A998564E9A74F9FA2C360014200A761212DF26FDBDFDF17FABBCDCDCD4892A5C38A603A9DA6CDCD4D6C0E00082088C6FA5B5F5F17BEE98E9FDD95DD18913931F2CB5FFE121D072080201A363737037F669A2746745D973A2A0620800010D1FB33A7A36AF77961595664EEB05B79FD51C4E3F13B9712032080604C02B8BCBC1CF873AAAA92AAAA9195D70F1A137CF4E8113A0F400041781CC7A1E5E565A90D1E9E2C2DEB0E078D09EABA8E141100019CA4582C22BAAE47D236516C8C10899F18D1340D714000010C6261C06218260AD1E26D1B8525282A82F7EFDFC7C53F3E0B04800046826DDB0B5B5D23CA89D29F22237B3DA35F4C903136913B96A749A7D3C1460F04305A2B70929FBBAB148B455A595999EA8911002080118155383851A5C8C856919977CF23ECE20B17180238844C79A1453D5B69DBF6D8ACED7197D2DADEDE86D7022080A22412895016C9225B80E3FC6D3C2618455D3B3711FCF0C30F17BA5AB4CC055E8B5EBD080238C109CF185B580BF0EDDBB7637FC6DEDEDED8EA092EAA08CAFC1E846C2080AEC8C44516F5AED57ABD3E91E78CF3C4C8228AA0E338D4ED7643B7135C6708E010F7EEDD0B9D3B2653507556618C51B3D99C88B84779F9BA973BBC487709DFDCDC84FE2DD8008100BA12F6962DA2F16D164C9B56AB458D46636282BBB9B919C9047513C1A74F9FD2AF7EF5AB85E897B02117CBB216EA0E6B08E018441016E06D2A95CA44ADCEA84A697989E0BFFCCBBFCC7D5F99A6193A5E0D0B10023816F7E0E6E666E1DA83314667676713158C2853645EBF7EED2A82F31E13947977082004D01319F760517782EBF53A1D1F1F4F5C780B850231C6A426BBAAAA9E1B23F31A13741C277412343F22082080AE643299D093E2FAFA7A61DBE5E5CB9753B13E1F3F7E3CB61323F31A13FCF9E79F43E7002A8A82221110406F6456C776BBBD906DC218A37ABD4E0707075379368F09CAB2283141994D29881F04D07780C8144558D47C40C618BD78F1626A42512C167BEE9F0C5E31C17972873B9D4EE8318A1D6008A02F6177201DC79958CAC834B8B9B9A1E7CF9F4F4D80F7F7F7A57787BD6282F3B43112D6D3701C8732990C2638047034894422D40AABAA2A753A9D856D17C6181D1F1F4FC515E6CFDFDBDB8BE4CACD793D311236FD85830D1008E0D82C40BE3A2FAA1BCCC5E39B6FBEA1F3F3F3A9BD43A150204551EEE4899146A311DAFDE517550108E048C2DC82D6CFA2A6C3F4F3DFFFFDDF5313C149244BCFAA085E5F5F871240C77190FF0701149F6061DD2C7E7E76D1B12C8BFEFCE73F4F3C3F705004658E2FCE9B083A8E137A71658C513A9DC6E486008A11B636201707D93B2FE685BFFCE52F53C911E493FAF1E3C79158365E1B23B32482AD566BAA9E0D04F00E2173678561180B792CCE4B84BEFDF65BFAFAEBAFC76EF93A8E433FFCF0C3ADE744E50E7B6D8CCC9208D6EBF5D0F1BF6432891258104071545595DA6DBC4BF754F0F3C25F7DF515BD78F122F24D20C771E8FCFC9CFEF0873FD077DF7D47CF9F3F1F12417E7658560467354FD0344DA9447BE4FF410003934AA5424FA4B0BBC1EFDEBD9B5B11B42C8BBEFFFE7BFAE28B2FE8C58B17D46C36A544C3344D3A3838A0BFFCE52FF4E73FFF995AAD56EF54CAF3E7CF6FB56FFFBDC3B2BF6316638232D61F630CF97F02E092800132990C552A9550A9033C293A97CB05FADCBCE769F50BE13FFEF10FCA6432B4BDBD4DABABABF4F0E143DF49DC6C36A956AB51B95CA65AADD60B25F45731E622F8C73FFE913EFFFCF35EFF7077F8E8E828747D46FE8C72B94C44746BE3E0E9D3A74444F4FDF7DF4BB99341EF40711C47EA9CB9A228B0002180211AE4FEFDD079537C37786D6D2DD064595B5BA3CBCBCB85708B89882E2F2F7BBF8731464B4B4B944EA77BFF9BE87D70FFE6E666C8621C55BA9D3146AD568BBEFCF24BFADDEF7ED79BE05C04FFF9CF7F4672C7C8384430914804FAFB56AB15FAB7388E43BAAE63324300C34D625DD7A956AB85CEBD6AB55A81D20F0A85C2D44E5A8C530839373737AEBB99FDD65D90EF6EB55AF4C73FFE917EFBDBDFF6DA99EF0E1F1F1F53BBDD96721DBD44903146DF7DF75DE0EFD6753D703A8ACCBD2CAAAA22FF4F10C4003DDC601977A756AB05FAFBB5B5B59E65B4C80BCBE03F32DFD56AB5C6BA3112553D41C771A85028047ABE699A5289F5707F218052C4E371A9096A1846A0CD107EDE155717061329BE31E22682B2E91F516D8C2C2D2D05BEACBD5AAD867E6FB8BF10C048C8E572A1139B19638107F1FEFE3EE9BA0E110C21825F7FFDF5D0EEF093274F22B97C5D2645C6711CFAE0830F02B9BF966549DDCBACAA2A929F2180F22C2F2F4B59116FDFBE0D6405AAAA4ACF9E3D932E077F174590C70407DBAD582C8EADBCBE9F0872D7F7C30F3F0CF4BCB3B333A971C7379B0004507A62ADAEAE4A7D3EA815984EA7E9F3CF3FA7A5A52588600811FCC31FFE30E40E3F7EFC58BA1A4AD01323DCF2FBCD6F7E13E839B2B13FC77168656505030202180DB22E6998C4E8743A4D9F7DF6196D6E6EF60635101741B798E0CECE4E24C7E6FCDC61C771485555FAE4934FE8D34F3F0DFC0C999D5FA2F747DF50FA2A18F7DECDEB318409717474147A55761C8792C964AFB47B50CECFCFE9A79F7EA25AAD469665410C03842FFA5364785F1C1F1F4B5B588C31CAE7F34371BD1F7EF8816E6E6E687F7F3F540516D334E9F0F050EA77BBBD1780004AD16C36E9F5EBD7522BABECC0344D931A8D06753A1D88A000DD6E9752A9146D6C6CDCFAF79665F592A565E364518B8DCC424BF43EF585C73C010430520E0E0EC8308CD089D1FC6E0B0CCEE9E3388ED4B1B97188A0EC226B59163D7AF408D65F08100314209BCD86FE2C17BD8B8B0B34E40CC08FCD8D2B45268C2057AB55A9C5F1C18307103F08E0F848A7D3D2A70B6AB5DA42DF1B32AF22388E1499209C9D9D916559520288C46708E0D8896290F133A6603644709CA5B4445DDFABAB2B29F1D3340D89CF10C0C9588132938531468661481D7302D1A2AA6A64EE705011741C87CAE5B294F8F1636F882D430027C2F6F6B6D4BD1FFCE8165CE1D97387A33881134404DFBC7923BD1BAD691A627F10C0C9118FC7A5EE0DE9778591CE325B2218C58911DEB77E22D86C36E9F2F252DAFA0B5A64014000A5095AEDD90DC330E8CD9B3768CC19839F189115D35122689AA6B4EB4BF47EE71725AF208053B102B3D9ACF4B1AA376FDEF42609ACC1D9B002E3F138E5F379E998A0D7C688E3389159FF512CC40002188AA025EFDD505595CAE532E28133B8C08D2B2678767646B66D4B8F9D4C2603EB0F02385D6B61777737928BD04BA51276F166B07FF7F7F72389097211E4292F32388E438AA20C1DF103E1C1513809CECFCFE9CD9B3791945B7AFCF8318470C688F2D85C14E78FF9C607767E6101CE040F1F3E8CE42E0FCBB2E8ECEC0CB1C019B404B7B7B723B960280AF1CB66B3103F08E06C4D905C2E272D5C8C317AFBF62D9D9D9DA151670CBE3132CD5BD61CC7214DD3686D6D0D1D02019C2DD2E9343D78F0203211AC56ABB004675404A338311296EDED6D84482080B309BF8A310A8BB252A9A072CC8C8AE0F6F6F65444309BCD62D7170238DBE4F3F9482C375555A952A9E0CCF08C8AE0DEDEDE442DB16432899C3F08E0FC580851A4C6A8AA4AB55A0DEEF08CC277ECA3E86B2F78BFF3BB61000470E649A7D3F4F0E1C348448B174EC091B9D9835FB41445D863D422B8BBBB8BB81F0470BED8D8D888645384D36834E8E8E80896E00C5AFC5195D2722397CB21EE07019C4F0A8542A4DFF7F6ED5B3A3A3A42C3CEA025984AA522777D755D47BEDF84C0499031E1380EBD7CF932521786E71D6272CC46FF5E5C5C50A55289EC2E5EC771E8C18307912FA0000238154CD3A49F7EFA29F2380EEE7F9D2E966551A552A1B76FDF46D6B7B277480308E04CD26C36A95C2E473E011F3E7C8843F1535AD44AA592F4454683E05E5F08E0428BA0ECE5EA6E1683A669B4BDBD8D60F984A856AB54ABD5221529DE8F854221D2F10120803327822727276359E1755D47B2EC98ADBE939313320C23F2FE83E50701840511814BBCB4B4443B3B3BB006C7D067954A8518636311A9A8EE220110C0B9B104A38E0972578A8868757515B1C188ACBE72B94CED763B72E1731C875455A5478F1E41FC2080775304A38E09F64F2E4DD3503B4EA2FDCECECEA8DD6E8FEDFB354D83DB0B0184088E2B26C8AB0FF383F4708BC5DAACD56A51B55A8D7C877750FCB0E101010434BE3CC1412084FE8B51AD561BCB2647BFF821C91902085C44F0F0F070ECCFB12C8B565656208403C2374E8B0FE2070104821C1D1D8D25E0EE86A669A4EB3A2D2F2FDFB93894655974757545F57A7D62AE352E328200028189F2E6CD9B486E99134551144AA55277E29ED966B3499D4E871A8DC6449F8B638B10401070A28E234D6694F032C67A56E1D2D2D2C204E84DD3A446A3419D4E870CC398E8B3354DA3CDCD4D6C7640004198897B727242ED767BA21388EF52AAAA4AE9747A2EC5908B9E699AD46EB723B98F37A88B8D73DA10401001E7E7E77479793995381D4FACD6346DA6DD64CBB2E8E6E6863A9D0EB5DBED9EA537AD3643BC0F020822768927B153E937B1F9E9054DD328914890A669A4691ADDBF7F9F186363B5B4B8183B8E43EFDEBD23C3307A8267DB36599635354B95BFDB83070F687D7D1D2E2F04108CC3CAB9BCBC9C9A35E836E9F97B30C6485114628C513C1EBF7581B8A66974EFDE3D218B8C0B0917388E6118649A26599645DD6E7726AF06C0460704104CC81AACD56A64DBF6CCBEE3A025C8FF772C36FAF60537719B74FC2E28C96412561F04104C5A602E2E2EC652550688B5BFAAAAB89A000208A689699A54AD56E9EAEA6A6CA59AC0B035AAEB3AADADADA1BD21806056DCE27ABD3EB15324103EB4310410CCDC246DB55A54AFD7C9308C998F9DCD93AB9B4AA548D7759C9F8600827911C259DF28990732990C840F0208E6DD359EF41130081F80008299816F964CE358D8BC58CDFCB4CBCACA0A525A20806011E165A0AEAFAFC75AF8735E448F57CC4EA7D34867810082BB6615361A0DBABEBEBE33B1C2FEA37CE9749A344D839B0B208077DDFD6BB55A6418C6C25A86BCD417440F400081909B3C8DFA7951BD3F11F52CBD45AB6F0820806082D6E1CF3FFF3C545B8F9FD79DE6E913FE1EFCF9BC86613C1EA74C26D3AB500300041044263A44D47399798516DBB6C7228CFDDFC9AD3AEECE2A8AD22BC905B10310403075D7F3E6E6A6F7FFF37A7DBC4EA0E338D4ED765D3F1B8BC55CABC77091E3DCC50B9C0004102C88E52802040E400001006042C4D004000008200000400001000002080000104000008000020000041000002080000000010400000820000040000100000208000010400000800002000004100000208000000001040000082000008C99FB6882D198A6E979AF45A7D321A2F7F75E98A6F97E4589C548D3344A2412B72EF5F1FAEEEBEB6BB26D9B6CDBA6783C3E742F86611843170AF11BD1969797A57E5BABD5A276BB4DA669926118BDDFC96F5E4BA552944AA52816135B276DDBA666B3D96B9720C4E371D2344DF879DD6E979ACD26B5DB6DD70B97783FA4D369521465A8DDEBF53AD9B63DF4B9442241BAAEBBBEC3C5C505351A0D5255B5F7FD7EF0FE6BB7DBA4280AADAFAF07EAB74EA743D7D7D7B76EE1EBEFA3643249E9745AB88FC06D7027C8080E0E0E5C278928A3067CABD5A2939313A9F7531485F2F9BCAFD00ED26C36A956AB09FD36C618E9BAEE290A51B697E8F36CDBA6A3A323E10B977676767A6DD4ED76E9F0F070E47B663219DAD8D8B8F5EFAAD52AD5EBF548C6D5EEEE2EC5E371DFC5A952A908B7A7AEEB94CD6621847081A3A1D3E9484F66DBB6E9E4E484CECFCF87FE5B1493C9B66D2A954AD46C3685FEBEDBEDD2D1D11195CB65E1DFE6380ED56A352A954A3D2BD7CB9A956DAFC1E7795DA559AFD703DD36D76F917A597EFD341A8D5B7FD3E97422133F22A272B93CB28F4E4F4FE9E4E424507BD6EB753A3C3C1CD9470002284C2291A04C2613C977351A0DBABABABAF5EF52A954A413CA6FB274BB5D2A954A641846A867188641A552C9F339F1789CB2D96C64BF893FCF4D0483F64BBF85ECE6120F924AA56EFDCDC5C545A463CB300C6AB55A9E7D747D7D2DB5204204218091B0B1B12134A9755DF79D54B55AEDD6FFBFB2B242F97CDEF7BB33998C9058BA4DA87E64C4AFDF3A3B3D3DF5FCEF6B6B6BBEEDA5280A65B359D275DDF71E60C330A85AAD86165BC6D85088405114DADDDDF514D16C364B5B5B5BB744A9DD6E473EB6DCBEB35C2E47D247A3AC6700010CC4DADA1A2593C9917F93CBE5686F6F6FA450398E33B439904EA77DBF3B9D4EDF9A90412654BF05336A627151F213712E4AA32C22BF78A4AAAAB4B6B6D66B33BF670EBAA3FDFDE2B709A1EB3AA5D3E9E1411F8BB9FE7BB7F7F76A37C698EFBB2B8AE2F98E83565AB3D91C69F931C6289BCDFA8E173ED6DC160E00011C2B7EAE5918D7845B497E03DF6B3276BBDD91F12B4DD3686F6F8FD6D6D6687777576867B35EAF476261C46231212BD84B70FD2CC8B0A18FC1F673636767C7B74F344DA3ADAD2DD7F71C7CCEA08730F83B791F150A05A11080D7C2012080E36B4C9F1D38B7C0BD9FC5C4770BFDDC30AFC9787D7D3D72C3A0FFF9B158CC73C20EFE0ED18D1711C1F1B3A4C6E1828AB2BCBC3CD41EF97C9EE2F1B8EF7BF354153791EFB740FD36901289C4ADB195CBE584ACF5A8639710402065E1054D57217A1FD8167167BCBEDB2F276F70722B8AE2E91E0E5A1851E16775DAB61D794C2B485F148B45CA643294C96468676747A87D0645746767E7D677F40B98DFA6C760FBC462315A5D5DF57D6ED8CD94BB0412A123A0D3E990699A23DD189189EEC6C1C181AF806D6D6D8DCC990B6A95663219DFB40FD960FD60BBF84D56C330422D2051A028CA505E6018C1F57A7FBFB6745BC4D2E934552A15DFBEB56D5BC85A840082D0944A25DFBFC96432AE22251BA7D9DADA1A290C7EF9726E938BBB777EEF36EB932BCC82330DFCAC5B37818CC562944C267DC3031040B8C033311173B95C280BCD8FD3D3D3A11CC3201886E1FA0E22BB8DB31E641FF7A98820C9D8B2CF710BAF4CCB228600026192C924EDECEC8C6D323A8E43954A456AA7D42D8750C46A98E4048C7AC7370AF18E2AE158646CB8C55CE7C5C28500DE4152A914E5F3792A140A52E2B7BEBE2E94085DABD55C5D291121BBBCBC0C2C6EE348411985DFD9D9A002354BD6AB8890359BCDA1FE151957B012478318600416DED6D6562F4EC3180B3559474DFC743A4D3FFEF8A3EFDF5E5F5F0FED50261209DF1D5B5EC5653035C34FE0A3B28AFC360144DC71AFF658595919ABF516D562E9B781E6380ED5EB755A5B5B1316715888B000C74EBBDDA6582CD6DBE58B52FCFA577A91E457B70D8D542A2564AD55ABD55BA2E0279A5EA92041E362DD6ED73755C7EB5922F9836EA1814EA7E32A3841370B2CCB0ADC1F5E8B9CC8B3EBF5FAAD3EF2DB39D7751D131416E0EC0BA80822969CD76EA1AEEB421646A954A2743ADDAB5138CA22F372AD820A60B55A1DF919C698A7B529D226B55A8DAEAFAF7BDFD1E9743CDB3C88A5D9ED7685528CBADDAE90ABBABEBEEE5B1EADBF8F4CD31C3976782D44000194A2D3E9F8BA68171717B75C1351DCCA64B9ADFA22C555B9000EBAB244EFCFCD5E5F5FFBFE0EEE668D8231E6991367DBB6AF55D26F958D12234E3E9FF714106EDDFA89AE611842798BA282717575E51A37757B6EA954A25C2EE7DB7FCBCBCB944AA57CDB4FB48F448E1802B8C0BE03BD542AF94EB05AAD16F8D811AF2EECC7F5F5355D5C5CF4AAFFFA512E975D2BB6ECECEC486F5C30C6864E31709ACDA67041D45AAD46B55ACD57FC3299CCC8EAC9B158CC33BD2828BAAE0B2D329D4E2750A152C330E8F4F454E8244B3E9F8F246E97CBE5C6128A8100DE31821C250A5A303348D978FEDDA256A6DB77C76231DADBDB0B3DC1344DA39D9D1DCF8915D5D9604E369B153A7D914EA7A5AD9D4C26232CA461CAFD3B8E236481C66231A1220B5EF0525F707DE10247423A9D168AD171CB28A8C5211AFFE3939317690DBB41118BC5A8582CD2D5D515D56A35A1781D2F51EF27BEA26DE5472A95A26C361BC88249A7D3944824A85AAD065AB4344DA36C361BE88E0E5DD785C20983CF114D4789C562542814C6766D01B80DEE04F1815F5CE4B5F22712094AA552A15C0E9E7EE276F1115FD153A9D4D0046D369B54AFD78726A1A66994C9643C533F0669B55ABD0D0F7E2912638C344DA3783C4EC964329038F45FB2346AC20FFE5E5E1146A4328C489BF2F7E876BBB72E7BE296954C9FF5FF56C330465A8461DA70549B0EF691D7F80010400000F0B7B8D10400000820000040000100000208000010400000800002000004100000E69FB93E09D2E974E8FAFAFA56650C45514855D55E01015EB5637979D933C99627B506819729E7CFCD66B39E99F8A3129E1389845006BF6DDB43E590F8EFE5272164E06DE09594CDDBD3ED39CD66936CDB1E4A0AE6956844DE8D5F0CEED63EE9743A7082F4C5C505D5EBF55EE2702A95A25C2E17E94989FEF1675956EFD4064F524E2693148FC77B7D964EA7473EDFEF0E672F78BFD9B6DDBB7EC1ABCDF9381C1C47B1584CF8048E575FA55229DFDF386BCC6522B4699A54AD56031DBDE2C7D5063BF8EAEACAF7762D513299CCD0F9D556ABE55BE6C8ED7383BFD7AF2843369B0D5591C6B66D3A3A3A122E6335F89CD3D353DFE3673B3B3B2345B05AAD8E9CF88C312A168BC222787E7EEE7A5CD06B0C84592C821444E87F7E3E9FF73CB9F1EAD5AB48EE19F16A2FBF621522EDECD5B6FD0BF2DEDE1E5CE0718A5FA9540A7CEED4711C3A3939195AB5A2BC74DB6D6088ACE88D4663E491AA72B91CEA763711FCEAF18D7A0E3F2628F28C51DFE7D746FC7A475141F79AA05E6340946EB74BA7A7A774727212AAA4BEE338542E975D9F6F9A6664972C398E3374CF4BABD512AA5F38AA445BB3D914AA2E1E762C42000506E0C9C949E881C2DDC87EF2F97CA4F75B0C76BE68555EAF725ADC65F123AC0B1CF4B7F75B4FFCACAB888BE6552D46B48C98E87B8A5CE5592E97438DBD52A9247DD9B8E338AE6D118FC723ADE03CF89E894442A81250BBDDF61430BFA2BABC9FE6A914FF5C0960B95CF61DE08AA28C9C2C8303835748F173AF52A9146D6F6FD3CECE0EADAFAF93AEEB429372797999D6D7D785069EDBED6C22832E994C86727F898836363684CAED73F777B06CD4D6D696D08077FB1D220551B90B2DEAB68A5877A38A5B8C1A7B7E0B91A669944C267DC785D7F7E47239CA66B3BEE37B7D7D9D767676687B7B9BB2D9AC50FBC76231E17A836E8B128FF38AF4D53CC500E74A00FD56DF4C26437B7B7BB4BFBFEF69D9B90D3E45517C452097CBD1F2F2726F2340D775D722A36E96D8CACA8A90A534188B141D742275F3FC3EEF373114457115D9582C465B5B5B4296D9E0C412B1FE8294921A252E41DC72B7C93F6AEC31C6687777978AC522150A05DADFDFF715322FFC16B2542A452B2B2BB736A58AC5E2D0F8756BB3783C2E54F7D06D311659883399CCDC15629D1B011459B1FBCB13A5D369D7EAC55E422722007CD21E1E1ED2C1C1011986D17B06636CA4A5273289F96E719041D7FF6E32F85DBDA9AAAAF4F3EBF57ACF4213B5FE44AE040D2380A3DCF2A056F8D6D6D6D0C45F5B5BF31441BFB130AA3DF982DBED76E9E0E0804AA5121D1D1DD1C6C646CF854E26939E352145DDD3FEC55874218E621C4E9AB949831115C052A9D4AB9396C964687777974E4F4FA9DD6E533299F48CB3889AEDFDEF51ABD5686F6F2FD25DAF6AB5DABB1B4264D04D2ADE12C5FDB2FD573B06BD4240D4FD0D12A3ABD56ABED593FD360F781D432F6B6E705366D4254FFD8B8D5FDF773A9D5E2CDC300C6AB55A94CBE57C2D3CD171DE7F55AAE8423C8F7710CF8D0006695CBED951AFD77BEEEDD6D696546CA2D96C92A228B7AC96715CAEED384EEF263311267D41B92C7C3245B9FBDEDF474170BB0FD9CD1D0C6B19F3F082AEEBBDCBAD64CBD5773A1DEA743A43BBB18661445E18B55AADF6F20B1795B911404DD3846E00731BE45C50F2F97CE81885D7CE61A7D3897CE50B930C3B8F2218F5C23778531B8FBB8E12313F2BD0EF027511B72F1E8F4BC769FB05D9EDF7044DE40F62B12F32732380A2F7DBFAB9C741126AC1FCE016A7D2759DE2F1381D1C1C4859817E0BECA01BDE6C36A9DD6EF7AE1A181465EE3647797951D8DCC6BBCE5CED02AFADAD49C5BC1CC7194BEC098C0FD1893D68A9288AD23BFEE8B7C32F63E5589675EB5D0F0E0EA852A9785E9CD46EB7A9D16850B95C16BA171A40006FB9235B5B5B817706FB69341AA1564B45515CC557D49A748BA388C6EFE62DCE17E53B8BB8766E97D777BB5D3A3E3EA6E3E363DFEFF0BBDCC8AF5F79DF369BCD40211A917BA1DD70CB35140DEDB8FD4ED1313C8FE3706104B05AADD2E1E1211D1D1DF59292C37648987849369BA562B1784B041545E90D1EDBB6E9EAEACA535CDD045024272B93C9CC55663D87DF5027D2AEB2B859F58EE3F4E26522FDEDE519881672082242418567B05D0B85C2D0D8E16384BBE041045D748C4575093D0430047C57D4711CAA56AB148FC7696F6F8FF2F9BC94451874B0F64F88D5D5D59EB81D1D1D51A552A1838303610B53A4CA895F62EC3882DFA296C32871E7BFCFCF9291DD40B26D3B921D65AF23602263AB5EAF936DDB944824687D7D5DE834085FC4C35AD6FDEFC5D3BE88DE6FD695CB652A954A81C23D7EC7F032998CEF589DC738E4DC08607FE33A8E43A7A7A7BD49B6B5B5457B7B7B52D6845FE7F1FFCECB5EEDECECD0CACA4AEF803C777D1CC709948B36EA9D45065D5407E86545C8CB7A1A750226ECF13D11CB2D0C5E677445FAA0542A91699AB4B2B242854261A4F8A75229D7E4694E7F5CD173E2FEBFA36DBAAED3EEEE2EC562B1A1132B415C6CBFC558A4AF26B518DF49011C34D10DC3A0C3C3C3DE911D7E54CB6FB032C65CAD0E9138111F78FDF5D644CE887A7DBF6DDB944EA73DAD053E89FC442E8A95D7EF378415DA51271244ACBF5196A7699AAE939CD7E2E3FF88BA9A8D46C355CC45CE72DBB64DA55289CECFCFE9EAEA6A644EA29F55392AEFAEDFDA4DA7D3BD1A879D4E672855CB6D5C8D6A4FAF90452A952245511672A7796ED260E2F1F890AB63DB76AFD65E3299147285BC4C7DBF98C9E044731CC735F8EE26D6DD6ED755404CD32445515CD37BB87BE8964AE1E682C958532265AD0CC3A0F3F373D77C36B7CFF2DFCB4F12B8A5A8787D76F0B9A6690E594B6E139E4F7AB793397C87D64FC84F4F4F696B6BEB96682E2F2F532693F1B5A81CC7F1FD1B5EC0D60BB78218839C9F9FDF7A3FC3305CDBD12DAEE73696AEAFAF696D6DAD97B03DD846BCAFFC7E5BA3D1102AEE0B0B30047E017511F1D3346D48006DDBA6E3E363DFCFF3846AFE4FBD5E771D4C8CB15B93B5D56A79E6A195CB65EA743AAE9565D2E9742FB6E847AD560B7C0AA25F1844CB43351A0DBABABA1A9A8C6E69248661F4DE7DD0CDE722D06C36856A01964AA55BD6C7F9F939954A25574BC9711C3A3A3ABAF5F7DD6E970E0F0F85AC58FEDE8309D01B1B1B42052DFCBC8F5171BFABAB2BA1BE68341AB7C6A2D722D26F61F35D71B7BF350C834E4F4F7BB9B66E967AB55AF55DAC6CDBA6C3C343B8C0E3B20065363B344D732DD5C39356A3627000552A15CF89C7377406071E1788FEF39E7E84AD53275A6FD0ED396E47B20627D6D5D5D5507C892F66A2F977FD71D56EB7EB6B890C163A087A9CCBCB922B140AA16BF631C646C6FDFCC64A50062D4DBF71CE4BFB0F2EC67CF112ED2BDBB67D4FCF40004392CFE72993C9044A7F618C51369BF5AC5316E53136C6D8D004F13B2BCADD145DD77BC7FDF2F97CCF0A14B13AF86F0C43229108D49EFD934AF418188FA331C66ED52E142D469BC9647ACF75B352BC04A0BF8D83FC464DD33CDB3397CBD1CECE4E206B3093C950B158F41D6B51A63B0D7A4C7E293A8C318AC562BD18378FFDF1F3C57C4C8A1800F354126B2EEF04E976BBBDF81B8FDDF1D58D57A4E5C78D52A9946F4C821F300F437F226C2E971BEA7C9E97E55688955F22E3F75B6BB59AE7AA1A8FC7A5EBB0F1E3605E6D108FC7495555D78BA53A9D8EEB31346EB1FB4D7AD3347B69246EF0FA778354AB55D736F1BA24CAAB1FDC1604D138168F9D724B9D5BD2FD97228DBA8CCBAD1F5AAD56282B905FD2C5DBDE2D676F545FE9BAEEFB9EAD56CBF320412C16A36432E9DA5710400000800B0C000010400000800002000004100000208000000001040000082000004000010000020800001040000080000200000410000020800000000104000008200000400001000002080080000200000410000020800000000104000008200000400001000002080000104000008000020000041000002080000000010400000820000040000100000208000010400000800002000004100000C6C7FF0D00112A7AC9908E62C60000000049454E44AE426082', 'image/png', 'default.png'),
(3, '89504E470D0A1A0A0000000D4948445200000140000001400806000000CD90A5AA000000097048597300000B1300000B1301009A9C1800000A4F6943435050686F746F73686F70204943432070726F66696C65000078DA9D53675453E9163DF7DEF4424B8880944B6F5215082052428B801491262A2109104A8821A1D91551C1114545041BC8A088038E8E808C15512C0C8A0AD807E421A28E83A3888ACAFBE17BA36BD6BCF7E6CDFEB5D73EE7ACF39DB3CF07C0080C9648335135800CA9421E11E083C7C4C6E1E42E40810A2470001008B3642173FD230100F87E3C3C2B22C007BE000178D30B0800C04D9BC0301C87FF0FEA42995C01808401C07491384B08801400407A8E42A600404601809D98265300A0040060CB6362E300502D0060277FE6D300809DF8997B01005B94211501A09100201365884400683B00ACCF568A450058300014664BC43900D82D00304957664800B0B700C0CE100BB200080C00305188852900047B0060C8232378008499001446F2573CF12BAE10E72A00007899B23CB9243945815B082D710757572E1E28CE49172B14366102619A402EC27999193281340FE0F3CC0000A0911511E083F3FD78CE0EAECECE368EB60E5F2DEABF06FF226262E3FEE5CFAB70400000E1747ED1FE2C2FB31A803B06806DFEA225EE04685E0BA075F78B66B20F40B500A0E9DA57F370F87E3C3C45A190B9D9D9E5E4E4D84AC4425B61CA577DFE67C25FC057FD6CF97E3CFCF7F5E0BEE22481325D814704F8E0C2CCF44CA51CCF92098462DCE68F47FCB70BFFFC1DD322C44962B9582A14E35112718E449A8CF332A52289429229C525D2FF64E2DF2CFB033EDF3500B06A3E017B912DA85D6303F64B27105874C0E2F70000F2BB6FC1D4280803806883E1CF77FFEF3FFD47A02500806649927100005E44242E54CAB33FC708000044A0812AB0411BF4C1182CC0061CC105DCC10BFC6036844224C4C24210420A64801C726029AC82422886CDB01D2A602FD4401D34C051688693700E2EC255B80E3D700FFA61089EC128BC81090441C808136121DA8801628A58238E08179985F821C14804128B2420C9881451224B91354831528A542055481DF23D720239875C46BA913BC8003282FC86BC47319481B2513DD40CB543B9A8371A8446A20BD06474319A8F16A09BD072B41A3D8C36A1E7D0AB680FDA8F3E43C730C0E8180733C46C302EC6C342B1382C099363CBB122AC0CABC61AB056AC03BB89F563CFB17704128145C0093604774220611E4148584C584ED848A8201C243411DA093709038451C2272293A84BB426BA11F9C4186232318758482C23D6128F132F107B8843C437241289433227B9900249B1A454D212D246D26E5223E92CA99B34481A2393C9DA646BB20739942C202BC885E49DE4C3E433E41BE421F25B0A9D624071A4F853E22852CA6A4A19E510E534E5066598324155A39A52DDA8A15411358F5A42ADA1B652AF5187A81334759A39CD8316494BA5ADA295D31A681768F769AFE874BA11DD951E4E97D057D2CBE947E897E803F4770C0D861583C7886728199B18071867197718AF984CA619D38B19C754303731EB98E7990F996F55582AB62A7C1591CA0A954A9526951B2A2F54A9AAA6AADEAA0B55F355CB548FA95E537DAE46553353E3A909D496AB55AA9D50EB531B5367A93BA887AA67A86F543FA47E59FD890659C34CC34F43A451A0B15FE3BCC6200B6319B3782C216B0DAB86758135C426B1CDD97C762ABB98FD1DBB8B3DAAA9A13943334A3357B352F394663F07E39871F89C744E09E728A797F37E8ADE14EF29E2291BA6344CB931655C6BAA96979658AB48AB51AB47EBBD36AEEDA79DA6BD45BB59FB810E41C74A275C2747678FCE059DE753D953DDA70AA7164D3D3AF5AE2EAA6BA51BA1BB4477BF6EA7EE989EBE5E809E4C6FA7DE79BDE7FA1C7D2FFD54FD6DFAA7F5470C5806B30C2406DB0CCE183CC535716F3C1D2FC7DBF151435DC34043A561956197E18491B9D13CA3D5468D460F8C69C65CE324E36DC66DC6A326062621264B4DEA4DEE9A524DB9A629A63B4C3B4CC7CDCCCDA2CDD699359B3D31D732E79BE79BD79BDFB7605A785A2CB6A8B6B86549B2E45AA659EEB6BC6E855A3959A558555A5DB346AD9DAD25D6BBADBBA711A7B94E934EAB9ED667C3B0F1B6C9B6A9B719B0E5D806DBAEB66DB67D6167621767B7C5AEC3EE93BD937DBA7D8DFD3D070D87D90EAB1D5A1D7E73B472143A563ADE9ACE9CEE3F7DC5F496E92F6758CF10CFD833E3B613CB29C4699D539BD347671767B97383F3888B894B82CB2E973E2E9B1BC6DDC8BDE44A74F5715DE17AD2F59D9BB39BC2EDA8DBAFEE36EE69EE87DC9FCC349F299E593373D0C3C843E051E5D13F0B9F95306BDFAC7E4F434F8167B5E7232F632F9157ADD7B0B7A577AAF761EF173EF63E729FE33EE33C37DE32DE595FCC37C0B7C8B7CB4FC36F9E5F85DF437F23FF64FF7AFFD100A78025016703898141815B02FBF87A7C21BF8E3F3ADB65F6B2D9ED418CA0B94115418F82AD82E5C1AD2168C8EC90AD21F7E798CE91CE690E85507EE8D6D00761E6618BC37E0C2785878557863F8E7088581AD131973577D1DC4373DF44FA449644DE9B67314F39AF2D4A352A3EAA2E6A3CDA37BA34BA3FC62E6659CCD5589D58496C4B1C392E2AAE366E6CBEDFFCEDF387E29DE20BE37B17982FC85D7079A1CEC2F485A716A92E122C3A96404C884E3894F041102AA8168C25F21377258E0A79C21DC267222FD136D188D8435C2A1E4EF2482A4D7A92EC91BC357924C533A52CE5B98427A990BC4C0D4CDD9B3A9E169A76206D323D3ABD31839291907142AA214D93B667EA67E66676CBAC6585B2FEC56E8BB72F1E9507C96BB390AC05592D0AB642A6E8545A28D72A07B267655766BFCD89CA3996AB9E2BCDEDCCB3CADB90379CEF9FFFED12C212E192B6A5864B572D1D58E6BDAC6A39B23C7179DB0AE315052B865606AC3CB88AB62A6DD54FABED5797AE7EBD267A4D6B815EC1CA82C1B5016BEB0B550AE5857DEBDCD7ED5D4F582F59DFB561FA869D1B3E15898AAE14DB1797157FD828DC78E51B876FCABF99DC94B4A9ABC4B964CF66D266E9E6DE2D9E5B0E96AA97E6970E6E0DD9DAB40DDF56B4EDF5F645DB2F97CD28DBBB83B643B9A3BF3CB8BC65A7C9CECD3B3F54A454F454FA5436EED2DDB561D7F86ED1EE1B7BBCF634ECD5DB5BBCF7FD3EC9BEDB5501554DD566D565FB49FBB3F73FAE89AAE9F896FB6D5DAD4E6D71EDC703D203FD07230EB6D7B9D4D51DD23D54528FD62BEB470EC71FBEFE9DEF772D0D360D558D9CC6E223704479E4E9F709DFF71E0D3ADA768C7BACE107D31F761D671D2F6A429AF29A469B539AFB5B625BBA4FCC3ED1D6EADE7AFC47DB1F0F9C343C59794AF354C969DAE982D39367F2CF8C9D959D7D7E2EF9DC60DBA2B67BE763CEDF6A0F6FEFBA1074E1D245FF8BE73BBC3BCE5CF2B874F2B2DBE51357B8579AAF3A5F6DEA74EA3CFE93D34FC7BB9CBB9AAEB95C6BB9EE7ABDB57B66F7E91B9E37CEDDF4BD79F116FFD6D59E393DDDBDF37A6FF7C5F7F5DF16DD7E7227FDCECBBBD97727EEADBC4FBC5FF440ED41D943DD87D53F5BFEDCD8EFDC7F6AC077A0F3D1DC47F7068583CFFE91F58F0F43058F998FCB860D86EB9E383E3939E23F72FDE9FCA743CF64CF269E17FEA2FECBAE17162F7EF8D5EBD7CED198D1A197F29793BF6D7CA5FDEAC0EB19AFDBC6C2C61EBEC97833315EF456FBEDC177DC771DEFA3DF0F4FE47C207F28FF68F9B1F553D0A7FB93199393FF040398F3FC63332DDB000000206348524D00007A25000080830000F9FF000080E9000075300000EA6000003A980000176F925FC5460000344A4944415478DAEC9DFD6F1BD795F78F793DC311299AD44834254AA24C5955EA45BA0E120458D440816283059A9FFABF36488145BA290A78B16D10206E827AE3A892A9178A34258AB4486A5E32F4FEE0E7F2A1C819CE9DB9C3577D3F40B0DD44E40CEFCBF79E73EEB9E7DE7BF7EEDD3B0200803B480C4D0000800002000004100000208000000001040000082000004000010000020800001040000080000200000410000020800000000104000008200000400001000002080000104000008000020000041000002080000000010400000820000048701F4D00C689E338C27FCB184383010820982F81FBF9E79F8988C8300C320C83BADD2E1986418C31B22C8B1863E4380E75BB5D77372416EB891FFFBF8AA25022912022224DD3E8DEBD7BA4AA2A1A1C44CA3D5C8C0E825872AD568B0CC320D334C9B22CB26D9B1CC7E9FDF728456AF07B1DC7214DD328994C522291204DD3E8FEFDFBB01C0104108CC7B26B341A649A26B5DBED5BEEEC3445C7B2AC5BEFA0691AA9AA4AF1789C32990C4411400041704CD3A446A3419D4E870CC398BBF7E7C2A8AA2A699A46BAAED3F2F232C410400081BB95C75DDAEBEBEB9E3BBB6882914C267BD6613C1E47C70308202CBD464FF4EE8AD87377399BCD92A66910430001BC4BD6DEC5C5055D5F5FF77668EF725B70CB50D7754AA7D318201040B0A8D65EB55AED6D62201E362C869AA6512A95A2959515A4DA4000C122D06C36A956AB51BBDDC6A4161442C6186532195A5D5D459B4100C13C4EE256ABD5133EC6182CBE90643219D2751D7142082098178BAF5EAF9361187075235A4C5455A5542A05218400825916BE6AB54A373737B0F8C62886ABABABF4F0E143B42F0410CC027C73E3EAEA0AF1AA09605916A9AA4ABAAED3DADA1A84100208A6658D5C5C5C50AD56C3249CA26B9CCBE5903E0301049376776BB5DACC262FF3FCBA7E61E6FF3B161B5D7AB2DBED0E95CE9AF558663299A4F5F57558E01040306EF7EBF2F2922E2F2F674210FA858931468AA210638CE2F138699AD6FB3B5EC66A50144789E7BB77EF6E9D43EEAF3CE32692B3403E9F8735080104E3B2FAAAD56AAFAEDEB4048FBB7E9AA6F54A51F597A31AB7B5C6DF810B64A7D3A176BB4DB66DF7E273D36C9B959515588310401025E7E7E753B3FAFACFCEF22363B3980A625916DDDCDCF404915B8FD35A2C76777791320301043298A649272727133FB3CB8F85A9AA4AE9749A969696E6CEA2192CE93549EB905B830F1F3EA48D8D0D0C64082008E3F296CBE5898A1E63AC573F6F1E45CF4F0CA7510042D334DADCDC844B0C0104415CDE376FDE4C6CD2288A42A9546AE1EBE4F123829D4E871A8DC64417166C90400081C064393E3E9E5815E6BB5C2DD9B22CBABABAA27ABD3EB1BEDDDEDE8608420081D7847CF5EA15118D37706F5916ADACAC502E9743907E20DC30891DECD5D555C4052180A01FD334E9F0F070EC16483299A47C3E0FE11B2184E34E30771C871E3C78408542010D0E0104CD66935EBF7E3D9678DFE0C606DC2FB136BBB8B8A066B339B69C4BBECB5E2814B039020184F88D4BFC705655AEFDCECECEA8DD6E8F2D14B1B4B4448F1F3FC6596E08E0DD14BF71A4B9F0C465946D8A2E3C512E977B8565218210402049B55A1D4B1517EE5A6D6F6F23CE37277DC679FCF831DC6108E0DDB0FC4E4E4EC63291745DA75C2E87461EA33538AE93398AA250B158842508015C6CF18B3AE607AB6F3AD660A55289BCF2B6A228D8188100C2F213C5B22C9C379DA2357878781879EE202C4108E0424E96FFFDDFFF8DCC62E01B1D3859305D2CCBA24AA5426FDFBE8D4CB078BE66B15844034300E71FC771E8871F7E88DCAD41B9A5D97389A3EA63244B4300178657AF5E455ABD1871A2D924EAF8AE6559B4BEBE8E4DAD0911431344CFF1F171E4A5DB6DDBA6ABAB2B34EE8C914EA7E9D1A34791B9C2AAAA52BD5EA766B389C68500CE1FE7E7E7F4F6EDDBB17C77A552A16AB58A469E4111DCD9D92145512275AF4DD344E34200E7CB1D7AF3E6CDD876F2B87500119C3DE2F138150A85C844D0B2ACDE6E338000CE3C3C597612313A88E06CA2AA2A150A85481640FE1D676767685808E0EC532E97279AC355ABD52082332A82FBFBFB915982ED761BFD0C019C6D8E8F8FC7563D649485004B707689D21DAE542A88074200679366B31969422CDCE1C57287A31041C6189D9C9C201E08019C2D1CC7A16AB53AF5E34B10C1D915C1EDED6D69E1628C91611874717181468500CE0E171717645956242BBCEC248108CE26F1789CB6B7B7A5C7090F79C0158600CE04A669F62A83C8F2E8D1234A2693D222C83746A21065101D3C595AB67F1DC7A193931334280470FAAE6F54292FBBBBBBBD78D1EAEAAAD424618C51A552C189911915C1070F1E485B81B66DD3F9F9391A1402385DD757F60631CBB26EDDD4C618A3870F1FD283070FA44410C9D2B3CBE6E626298A226D09361A0DB8C210C0E9B9BEB55A4DFA7B1E3E7C3854D28A314685422112771822387B30C6687B7B3B12CF611CF7CA4000812F51ECFA6A9A460F1F3EF4FCEFC562911E3C78201DCBABD56A7097668C783C4EB95C4E7A816BB7DBB002218093B7FEA288AFE5F3795F112D140AB4B2B2221D13BCBCBC84253863A4D3E948E2BDA552098D09019C1CA55249CA7D711C87745D172E68BAB9B9291D13648CF576871DC74132ED8C10C5D5A59665A16C16047032349B4D2997945F6214A4D02563AC278232F01C3224D2CE0E8C31DADDDD951A537C71C3A206011C3B516C7C6C6F6F871AE4516E8C40046787783C4E2B2B2B522268DB36B55A2D342604707C98A6297D276C369B95BACB03BBC38BC9E6E626A9AA2AD5AFB0022180634526FB9E0FCCB5B535E9F7E0BBC3519D1801B3E10AE7F379A93E6DB7DBB00243721F4D309A66B349ED763BF4E6071FE051154CE0C9B4979797A1BF93C78E8868AC97EF58964537373764180675BBDD5B25C31863A4691A251209D234ED4EDF74C74F89B4DBED507DAAAA2AD56A355A5E5EC6BDC210C068A9D56A52834AD3B448EFF0E527466CDB962AC3C53746A21441C771A8D56A51B95CA65AAD46AD568B6E6E6E7A31AE7E2BA7FFBD5555A54422416B6B6BB4B5B51568A77C51C8E7F3F4D34F3F85FE3C8F05E2BEE860E05ACC1198A6493FFDF4536891711C877EF18B5F8C6D321F1D1D916118D2DFA3EB3AADACAC84BEC0BDD96CD2C9C9099D9C9C50A3D1E8095D90EFEA17C7A5A525CA66B3F48B5FFC22927411D1DF50AFD7C9300CD234EDD631C549717C7C2CB5A8259349DC290C018C8EF3F3736A341AA13FAF280AEDEDED8DF51D8F8E8E42BB4E832218D4126C369BF4E2C50B3A3B3BF3143DD1D896D7E7745DA7BDBD3DDADFDF1F5B1BBE78F1820E0E0EE8E6E6E69608FFFAD7BFA68D8D0D2CB810C0BBC9CB972F437FD6B22CFAE52F7F3991C1787C7C4C575757D249DAD96C5648044DD3A4BFFEF5AF747C7CEC69E9398E43CBCBCBA4EBBAD0B3EBF53ADDDCDC787ED7D2D2127DFCF1C7542C16236DBB6FBEF9867EFCF147CFE7FEFBBFFFFB444550D6AACF6432137DDF790731C011D68DE338A157E395959589ADC4DCED9111C1FE8D91B5B5354F4178F5EA157DF7DD779E6DC385EFE38F3F0EE48E5996D5B3C4DCDECDB22C7AFEFC39BD7EFD9A3EFEF8E348625DCD66930E0E0E46F6F177DF7D3731379CE8FD26D7AB57AF423FAFD1684CF47DE71DA4C1782053F4C0719CB1EEAE7A4D9C28CE0E7B254B3B8E43CF9F3FA76FBFFDD6D3EAE3AEE36F7FFBDBC0B1285555E9D34F3FA5BDBD3DCFDFC018A3B3B333FAEAABAFE8E8E848BACDEAF5FAC8F6628C51A7D399688A89AAAA52277F2CCB424A0C04503E16232324D348EBE02746C69527C818A36C363B7251701C870A85829475F6AFFFFAAFB4BCBC3CF277726B502644414442351DA7515D5B66F1545515E783218072F4EF6486219BCD4EEDDDA33831E275E5E693274FE8A38F3E1AF9DDB296EFFDFBF7291E8FFBBE3F638CBEFDF65BFAE69B6FC20FFE584C4850264D3C1E274DD3427FDE300C94CA121D6F6882612BE6FAFA3A94FBEB380EA9AA1A792E56B55AA57ABDDECBAB1BE4E9D3A7B79E592C1623D91D764B967EF2E409699A46CF9F3F77FDEE282C5FD1C9CF18A31F7FFC912E2E2E28994C067E4EABD5F26D1F1E9BF462696989D6D6D6224F9BD1759D5EBF7E1D4A802DCB22C330B01B0C010CCECF3FFF2C55EE3E954A45F21E9665D13FFFF94FFAC73FFEE12A7A8342F5D9679F0D89A06C5E99D7899162B1488EE3D0FFFCCFFF0C7D77A55291B2021DC7A166B329FCCEBCE6E1E5E565A8DF2702DFEDF682EF22673219FAE8A38F22D9855D5E5EA6A5A5A550963CB7E09114ED0FD2605CAC2D99D31FBBBBBBD22BEFF9F939FDF5AF7F15B250B8682C2D2D0D89A0E33874767616C9C5ED6E7982AF5EBDEA6D8AF45B44BFFBDDEF42B7C1AB57AFE86F7FFBDB5CEE62F29DF1CDCD4D7AF6EC99F46F90C943658CD1CECE0EAC40BF30089A201AF797E87D26BEEC803B3E3EA63FFDE94FC2E2C707FBCDCD0D7DF5D557B702E0FDA5B46483F96E31C1FDFD7DFAE4934F6E5929AD568BFEEBBFFE2B540CEAF8F898BEFFFEFBB94DE1E0EF7D7C7C4CFFF99FFF291D87D3753D74BF59962595C40F0BF00E625916BD7CF93254DCC5711CDADEDE96723BCECFCFE94F7FFA9354FA0D638C3EFFFCF3A1F788F2D8DCA025F8F2E54BFAF6DB6F7BEFCD2D525ED67FD4C5EF8C31320C832A950A9D9D9D2D4CFE9AE338B4BABA4AFFF11FFF21F59B0E0E0E4285641CC7A1070F1EE0681C047032EEAFA22854281442EF1A9AA6495F7CF185B4A5E6E50E731194DD18F13A317270703014130C1ABF5AB4E45DC771E8830F3EA04F3FFD34F477F073D66137E59E3C7982A468B8C062C8B8BFAAAA4AA54CFCFDEF7FF7DDEC90718789A2A927C82F5F1F7487F7F6F686DC615E5C41F49F45833146070707527979A37222459E8FA46808A0F06AD9ED76437F56C6F5354D938E8F8F231381512218C5454B5E97AF3F79F2843EF9E4130CA681B1F1EAD52BA9BE94C90944523404508856AB257DFA43C6F58EC2FA1311C1284F8C8C4A9606FFBFBDFDD268FC9049AD8A22EE0B01BC03C80C14D9DDDF7195A7E722F8E5975F0E59027C775896B02746EE12373737529658269309DD9696654DE5381F0470CE087BFED7B22C4A241252CF1EE74D6D7C07D64D048BC522699A3696B3C3DC1D8608CABBA2B2A955D8E78400FA123659989F00901DA0E3DC04E02238E98D91274F9ED0BFFDDBBF410489A4DB20ACB5CE18433E2004D0DF8A9319D8B22BF4BD7BF7C62E1293D818A9D56A43DFCD7787EF3AB20B5C2291083D4E51180102383617218A38DA2427E1CDCD0D7DFDF5D763D918618C51B95C1E1241AF8D11C7717AFF80D1643299D0228A18A037288640EFCB5F851D5C51153F98A408B65A2DFAEAABAF8692A50B8542242746CAE532198631544546D7F55EAA916DDB641806359B4DBAB8B8087D99D29D99A8F7EF876E17DBB6C9B2ACA994F68200CE01322E824CFACBB42DC12FBFFC72E8D85C54A5B4EAF5FAD095A0A3AAC498A649F57A9D4E4F4FE9F8F8D8F37E90BBEC422793C95B772B8BE2380E3642E0028F1E20774900F9841AE7C60811D1C9C989F0EE673C1EA78D8D0DFAF4D34FE9F7BFFF3D3D7BF62C7439A845455194D0ED817C4008A0276156D57ED7649EAD8A716E8C30C6028960FFE78AC522FDFEF7BFA78F3EFA8854558510D2FB8D90B0678221801040572CCB0AED6A298AB210AE95D78991698A20E7C30F3FA4CF3EFB8C0A8502443024AAAA62271802E8CEBB77EF42EF92A9AABA1071AA7E11EC9F28FDF504C7B13B2C4A3A9DA6DFFCE637F4AB5FFDEA4E8BE0D2D252E8CFC2028400463E3016A9DA2E17C12FBEF8626C27464E4E4EA48EFD3D7DFA949E3D7B766745903126E575C08286007A0EAC3083695E3740FC4470304F90E87D427314EEB0DBB1B920148B457AF6EC19C6298000466501863D02B7A893ACD56AB98A605431C17ABD2E7536B6582CDED9620B6137842CCBA29F7FFE198A0701BCCD5DCB019411C1A8364688482A2648F43EB1FA830F3EB89322085716020877644222386A63441659117CFAF429E9BA7EA7046111320F20800BB09ADE95499748245C377BA2DC18092B82AAAAA2D04200B0130C011C12B1B013585194B94E8216B5027FFDEB5F7BFEF7A84A69C988602E97BB5339826193A1010410045C1CF6F6F67CEF3A998564E9A74F9FA2C360014200A761212DF26FDBDFDF17FABBCDCDCD4892A5C38A603A9DA6CDCD4D6C0E00082088C6FA5B5F5F17BEE98E9FDD95DD18913931F2CB5FFE121D072080201A363737037F669A2746745D973A2A0620800010D1FB33A7A36AF77961595664EEB05B79FD51C4E3F13B9712032080604C02B8BCBC1CF873AAAA92AAAA9195D70F1A137CF4E8113A0F400041781CC7A1E5E565A90D1E9E2C2DEB0E078D09EABA8E141100019CA4582C22BAAE47D236516C8C10899F18D1340D714000010C6261C06218260AD1E26D1B8525282A82F7EFDFC7C53F3E0B04800046826DDB0B5B5D23CA89D29F22237B3DA35F4C903136913B96A749A7D3C1460F04305A2B70929FBBAB148B455A595999EA8911002080118155383851A5C8C856919977CF23ECE20B17180238844C79A1453D5B69DBF6D8ACED7197D2DADEDE86D7022080A22412895016C9225B80E3FC6D3C2618455D3B3711FCF0C30F17BA5AB4CC055E8B5EBD080238C109CF185B580BF0EDDBB7637FC6DEDEDED8EA092EAA08CAFC1E846C2080AEC8C44516F5AED57ABD3E91E78CF3C4C8228AA0E338D4ED7643B7135C6708E010F7EEDD0B9D3B2653507556618C51B3D99C88B84779F9BA973BBC487709DFDCDC84FE2DD8008100BA12F6962DA2F16D164C9B56AB458D46636282BBB9B919C9047513C1A74F9FD2AF7EF5AB85E897B02117CBB216EA0E6B08E018441016E06D2A95CA44ADCEA84A697989E0BFFCCBBFCC7D5F99A6193A5E0D0B10023816F7E0E6E666E1DA83314667676713158C2853645EBF7EED2A82F31E13947977082004D01319F760517782EBF53A1D1F1F4F5C780B850231C6A426BBAAAA9E1B23F31A13741C277412343F22082080AE643299D093E2FAFA7A61DBE5E5CB9753B13E1F3F7E3CB61323F31A13FCF9E79F43E7002A8A82221110406F6456C776BBBD906DC218A37ABD4E0707075379368F09CAB2283141994D29881F04D07780C8144558D47C40C618BD78F1626A42512C167BEE9F0C5E31C17972873B9D4EE8318A1D6008A02F6177201DC79958CAC834B8B9B9A1E7CF9F4F4D80F7F7F7A57787BD6282F3B43112D6D3701C8732990C2638047034894422D40AABAA2A753A9D856D17C6181D1F1F4FC515E6CFDFDBDB8BE4CACD793D311236FD85830D1008E0D82C40BE3A2FAA1BCCC5E39B6FBEA1F3F3F3A9BD43A150204551EEE4899146A311DAFDE517550108E048C2DC82D6CFA2A6C3F4F3DFFFFDDF5313C149244BCFAA085E5F5F871240C77190FF0701149F6061DD2C7E7E76D1B12C8BFEFCE73F4F3C3F705004658E2FCE9B083A8E137A71658C513A9DC6E486008A11B636201707D93B2FE685BFFCE52F53C911E493FAF1E3C79158365E1B23B32482AD566BAA9E0D04F00E2173678561180B792CCE4B84BEFDF65BFAFAEBAFC76EF93A8E433FFCF0C3ADE744E50E7B6D8CCC9208D6EBF5D0F1BF6432891258104071545595DA6DBC4BF754F0F3C25F7DF515BD78F122F24D20C771E8FCFC9CFEF0873FD077DF7D47CF9F3F1F12417E7658560467354FD0344DA9447BE4FF410003934AA5424FA4B0BBC1EFDEBD9B5B11B42C8BBEFFFE7BFAE28B2FE8C58B17D46C36A544C3344D3A3838A0BFFCE52FF4E73FFF995AAD56EF54CAF3E7CF6FB56FFFBDC3B2BF6316638232D61F630CF97F02E092800132990C552A9550A9033C293A97CB05FADCBCE769F50BE13FFEF10FCA6432B4BDBD4DABABABF4F0E143DF49DC6C36A956AB51B95CA65AADD60B25F45731E622F8C73FFE913EFFFCF35EFF7077F8E8E828747D46FE8C72B94C44746BE3E0E9D3A74444F4FDF7DF4BB99341EF40711C47EA9CB9A228B0002180211AE4FEFDD079537C37786D6D2DD064595B5BA3CBCBCB85708B89882E2F2F7BBF8731464B4B4B944EA77BFF9BE87D70FFE6E666C8621C55BA9D3146AD568BBEFCF24BFADDEF7ED79BE05C04FFF9CF7F4672C7C8384430914804FAFB56AB15FAB7388E43BAAE63324300C34D625DD7A956AB85CEBD6AB55A81D20F0A85C2D44E5A8C530839373737AEBB99FDD65D90EF6EB55AF4C73FFE917EFBDBDFF6DA99EF0E1F1F1F53BBDD96721DBD44903146DF7DF75DE0EFD6753D703A8ACCBD2CAAAA22FF4F10C4003DDC601977A756AB05FAFBB5B5B59E65B4C80BCBE03F32DFD56AB5C6BA3112553D41C771A85028047ABE699A5289F5707F218052C4E371A9096A1846A0CD107EDE155717061329BE31E22682B2E91F516D8C2C2D2D05BEACBD5AAD867E6FB8BF10C048C8E572A1139B19638107F1FEFE3EE9BA0E110C21825F7FFDF5D0EEF093274F22B97C5D2645C6711CFAE0830F02B9BF966549DDCBACAA2A929F2180F22C2F2F4B59116FDFBE0D6405AAAA4ACF9E3D932E077F174590C70407DBAD582C8EADBCBE9F0872D7F7C30F3F0CF4BCB3B333A971C7379B0004507A62ADAEAE4A7D3EA815984EA7E9F3CF3FA7A5A52588600811FCC31FFE30E40E3F7EFC58BA1A4AD01323DCF2FBCD6F7E13E839B2B13FC77168656505030202180DB22E6998C4E8743A4D9F7DF6196D6E6EF60635101741B798E0CECE4E24C7E6FCDC61C771485555FAE4934FE8D34F3F0DFC0C999D5FA2F747DF50FA2A18F7DECDEB318409717474147A55761C8792C964AFB47B50CECFCFE9A79F7EA25AAD469665410C03842FFA5364785F1C1F1F4B5B588C31CAE7F34371BD1F7EF8816E6E6E687F7F3F540516D334E9F0F050EA77BBBD1780004AD16C36E9F5EBD7522BABECC0344D931A8D06753A1D88A000DD6E9752A9146D6C6CDCFAF79665F592A565E364518B8DCC424BF43EF585C73C010430520E0E0EC8308CD089D1FC6E0B0CCEE9E3388ED4B1B97188A0EC226B59163D7AF408D65F08100314209BCD86FE2C17BD8B8B0B34E40CC08FCD8D2B45268C2057AB55A9C5F1C18307103F08E0F848A7D3D2A70B6AB5DA42DF1B32AF22388E1499209C9D9D916559520288C46708E0D8896290F133A6603644709CA5B4445DDFABAB2B29F1D3340D89CF10C0C9588132938531468661481D7302D1A2AA6A64EE705011741C87CAE5B294F8F1636F882D430027C2F6F6B6D4BD1FFCE8165CE1D97387A33881134404DFBC7923BD1BAD691A627F10C0C9118FC7A5EE0DE9778591CE325B2218C58911DEB77E22D86C36E9F2F252DAFA0B5A64014000A5095AEDD90DC330E8CD9B3768CC19839F189115D35122689AA6B4EB4BF47EE71725AF208053B102B3D9ACF4B1AA376FDEF42609ACC1D9B002E3F138E5F379E998A0D7C688E3389159FF512CC40002188AA025EFDD505595CAE532E28133B8C08D2B2678767646B66D4B8F9D4C2603EB0F02385D6B61777737928BD04BA51276F166B07FF7F7F72389097211E4292F32388E438AA20C1DF103E1C1513809CECFCFE9CD9B3791945B7AFCF8318470C688F2D85C14E78FF9C607767E6101CE040F1F3E8CE42E0FCBB2E8ECEC0CB1C019B404B7B7B723B960280AF1CB66B3103F08E06C4D905C2E272D5C8C317AFBF62D9D9D9DA151670CBE3132CD5BD61CC7214DD3686D6D0D1D02019C2DD2E9343D78F0203211AC56ABB004675404A338311296EDED6D84482080B309BF8A310A8BB252A9A072CC8C8AE0F6F6F65444309BCD62D7170238DBE4F3F9482C375555A952A9E0CCF08C8AE0DEDEDE442DB16432899C3F08E0FC580851A4C6A8AA4AB55A0DEEF08CC277ECA3E86B2F78BFF3BB61000470E649A7D3F4F0E1C348448B174EC091B9D9835FB41445D863D422B8BBBB8BB81F0470BED8D8D888645384D36834E8E8E80896E00C5AFC5195D2722397CB21EE07019C4F0A8542A4DFF7F6ED5B3A3A3A42C3CEA025984AA522777D755D47BEDF84C0499031E1380EBD7CF932521786E71D6272CC46FF5E5C5C50A55289EC2E5EC771E8C18307912FA0000238154CD3A49F7EFA29F2380EEE7F9D2E966551A552A1B76FDF46D6B7B277480308E04CD26C36A95C2E473E011F3E7C8843F1535AD44AA592F4454683E05E5F08E0428BA0ECE5EA6E1683A669B4BDBD8D60F984A856AB54ABD5221529DE8F854221D2F10120803327822727276359E1755D47B2EC98ADBE939313320C23F2FE83E50701840511814BBCB4B4443B3B3BB006C7D067954A8518636311A9A8EE220110C0B9B104A38E0972578A8868757515B1C188ACBE72B94CED763B72E1731C875455A5478F1E41FC2080775304A38E09F64F2E4DD3503B4EA2FDCECECEA8DD6E8FEDFB354D83DB0B0184088E2B26C8AB0FF383F4708BC5DAACD56A51B55A8D7C877750FCB0E101010434BE3CC1412084FE8B51AD561BCB2647BFF821C91902085C44F0F0F070ECCFB12C8B565656208403C2374E8B0FE2070104821C1D1D8D25E0EE86A669A4EB3A2D2F2FDFB93894655974757545F57A7D62AE352E328200028189F2E6CD9B486E99134551144AA55277E29ED966B3499D4E871A8DC6449F8B638B10401070A28E234D6694F032C67A56E1D2D2D2C204E84DD3A446A3419D4E870CC398E8B3354DA3CDCD4D6C7640004198897B727242ED767BA21388EF52AAAA4AE9747A2EC5908B9E699AD46EB723B98F37A88B8D73DA10401001E7E7E77479793995381D4FACD6346DA6DD64CBB2E8E6E6863A9D0EB5DBED9EA537AD3643BC0F020822768927B153E937B1F9E9054DD328914890A669A4691ADDBF7F9F186363B5B4B8183B8E43EFDEBD23C3307A8267DB36599635354B95BFDB83070F687D7D1D2E2F04108CC3CAB9BCBC9C9A35E836E9F97B30C6485114628C513C1EBF7581B8A66974EFDE3D218B8C0B0917388E6118649A26599645DD6E7726AF06C0460704104CC81AACD56A64DBF6CCBEE3A025C8FF772C36FAF60537719B74FC2E28C96412561F04104C5A602E2E2EC652550688B5BFAAAAB89A000208A689699A54AD56E9EAEA6A6CA59AC0B035AAEB3AADADADA1BD21806056DCE27ABD3EB15324103EB4310410CCDC246DB55A54AFD7C9308C998F9DCD93AB9B4AA548D7759C9F8600827911C259DF28990732990C840F0208E6DD359EF41130081F80008299816F964CE358D8BC58CDFCB4CBCACA0A525A20806011E165A0AEAFAFC75AF8735E448F57CC4EA7D34867810082BB6615361A0DBABEBEBE33B1C2FEA37CE9749A344D839B0B208077DDFD6BB55A6418C6C25A86BCD417440F400081909B3C8DFA7951BD3F11F52CBD45AB6F0820806082D6E1CF3FFF3C545B8F9FD79DE6E913FE1EFCF9BC86613C1EA74C26D3AB500300041044263A44D47399798516DBB6C7228CFDDFC9AD3AEECE2A8AD22BC905B10310403075D7F3E6E6A6F7FFF37A7DBC4EA0E338D4ED765D3F1B8BC55CABC77091E3DCC50B9C0004102C88E52802040E400001006042C4D004000008200000400001000002080000104000008000020000041000002080000000010400000820000040000100000208000010400000800002000004100000208000000001040000082000008C99FB6882D198A6E979AF45A7D321A2F7F75E98A6F97E4589C548D3344A2412B72EF5F1FAEEEBEB6BB26D9B6CDBA6783C3E742F86611843170AF11BD1969797A57E5BABD5A276BB4DA669926118BDDFC96F5E4BA552944AA52816135B276DDBA666B3D96B9720C4E371D2344DF879DD6E979ACD26B5DB6DD70B97783FA4D369521465A8DDEBF53AD9B63DF4B9442241BAAEBBBEC3C5C505351A0D5255B5F7FD7EF0FE6BB7DBA4280AADAFAF07EAB74EA743D7D7D7B76EE1EBEFA3643249E9745AB88FC06D7027C8080E0E0E5C278928A3067CABD5A2939313A9F7531485F2F9BCAFD00ED26C36A956AB09FD36C618E9BAEE290A51B697E8F36CDBA6A3A323E10B977676767A6DD4ED76E9F0F070E47B663219DAD8D8B8F5EFAAD52AD5EBF548C6D5EEEE2EC5E371DFC5A952A908B7A7AEEB94CD6621847081A3A1D3E9484F66DBB6E9E4E484CECFCF87FE5B1493C9B66D2A954AD46C3685FEBEDBEDD2D1D11195CB65E1DFE6380ED56A352A954A3D2BD7CB9A956DAFC1E7795DA559AFD703DD36D76F917A597EFD341A8D5B7FD3E97422133F22A272B93CB28F4E4F4FE9E4E424507BD6EB753A3C3C1CD9470002284C2291A04C2613C977351A0DBABABABAF5EF52A954A413CA6FB274BB5D2A954A641846A867188641A552C9F339F1789CB2D96C64BF893FCF4D0483F64BBF85ECE6120F924AA56EFDCDC5C545A463CB300C6AB55A9E7D747D7D2DB5204204218091B0B1B12134A9755DF79D54B55AEDD6FFBFB2B242F97CDEF7BB33998C9058BA4DA87E64C4AFDF3A3B3D3DF5FCEF6B6B6BBEEDA5280A65B359D275DDF71E60C330A85AAD86165BC6D85088405114DADDDDF514D16C364B5B5B5BB744A9DD6E473EB6DCBEB35C2E47D247A3AC6700010CC4DADA1A2593C9917F93CBE5686F6F6FA450398E33B439904EA77DBF3B9D4EDF9A90412654BF05336A627151F213712E4AA32C22BF78A4AAAAB4B6B6D66B33BF670EBAA3FDFDE2B709A1EB3AA5D3E9E1411F8BB9FE7BB7F7F76A37C698EFBB2B8AE2F98E83565AB3D91C69F931C6289BCDFA8E173ED6DC160E00011C2B7EAE5918D7845B497E03DF6B3276BBDD91F12B4DD3686F6F8FD6D6D6687777576867B35EAF476261C46231212BD84B70FD2CC8B0A18FC1F673636767C7B74F344DA3ADAD2DD7F71C7CCEA08730F83B791F150A05A11080D7C2012080E36B4C9F1D38B7C0BD9FC5C4770BFDDC30AFC9787D7D3D72C3A0FFF9B158CC73C20EFE0ED18D1711C1F1B3A4C6E1828AB2BCBC3CD41EF97C9EE2F1B8EF7BF354153791EFB740FD36901289C4ADB195CBE584ACF5A8639710402065E1054D57217A1FD8167167BCBEDB2F276F70722B8AE2E91E0E5A1851E16775DAB61D794C2B485F148B45CA643294C96468676747A87D0645746767E7D677F40B98DFA6C760FBC462315A5D5DF57D6ED8CD94BB0412A123A0D3E990699A23DD189189EEC6C1C181AF806D6D6D8DCC990B6A95663219DFB40FD960FD60BBF84D56C330422D2051A028CA505E6018C1F57A7FBFB6745BC4D2E934552A15DFBEB56D5BC85A840082D0944A25DFBFC96432AE22251BA7D9DADA1A290C7EF9726E938BBB777EEF36EB932BCC82330DFCAC5B37818CC562944C267DC3031040B8C033311173B95C280BCD8FD3D3D3A11CC3201886E1FA0E22BB8DB31E641FF7A98820C9D8B2CF710BAF4CCB228600026192C924EDECEC8C6D323A8E43954A456AA7D42D8750C46A98E4048C7AC7370AF18E2AE158646CB8C55CE7C5C28500DE4152A914E5F3792A140A52E2B7BEBE2E94085DABD55C5D291121BBBCBC0C2C6EE348411985DFD9D9A002354BD6AB8890359BCDA1FE151957B012478318600416DED6D6562F4EC3180B3559474DFC743A4D3FFEF8A3EFDF5E5F5F0FED50261209DF1D5B5EC5653035C34FE0A3B28AFC360144DC71AFF658595919ABF516D562E9B781E6380ED5EB755A5B5B1316715888B000C74EBBDDA6582CD6DBE58B52FCFA577A91E457B70D8D542A2564AD55ABD55BA2E0279A5EA92041E362DD6ED73755C7EB5922F9836EA1814EA7E32A3841370B2CCB0ADC1F5E8B9CC8B3EBF5FAAD3EF2DB39D7751D131416E0EC0BA80822969CD76EA1AEEB421646A954A2743ADDAB5138CA22F372AD820A60B55A1DF919C698A7B529D226B55A8DAEAFAF7BDFD1E9743CDB3C88A5D9ED7685528CBADDAE90ABBABEBEEE5B1EADBF8F4CD31C3976782D44000194A2D3E9F8BA68171717B75C1351DCCA64B9ADFA22C555B9000EBAB244EFCFCD5E5F5FFBFE0EEE668D8231E6991367DBB6AF55D26F958D12234E3E9FF714106EDDFA89AE611842798BA282717575E51A37757B6EA954A25C2EE7DB7FCBCBCB944AA57CDB4FB48F448E1802B8C0BE03BD542AF94EB05AAD16F8D811AF2EECC7F5F5355D5C5CF4AAFFFA512E975D2BB6ECECEC486F5C30C6864E31709ACDA67041D45AAD46B55ACD57FC3299CCC8EAC9B158CC33BD2828BAAE0B2D329D4E2750A152C330E8F4F454E8244B3E9F8F246E97CBE5C6128A8100DE31821C250A5A303348D978FEDDA256A6DB77C76231DADBDB0B3DC1344DA39D9D1DCF8915D5D9604E369B153A7D914EA7A5AD9D4C26232CA461CAFD3B8E236481C66231A1220B5EF0525F707DE10247423A9D168AD171CB28A8C5211AFFE3939317690DBB41118BC5A8582CD2D5D515D56A35A1781D2F51EF27BEA26DE5472A95A26C361BC88249A7D3944824A85AAD065AB4344DA36C361BE88E0E5DD785C20983CF114D4789C562542814C6766D01B80DEE04F1815F5CE4B5F22712094AA552A15C0E9E7EE276F1115FD153A9D4D0046D369B54AFD78726A1A66994C9643C533F0669B55ABD0D0F7E2912638C344DA3783C4EC964329038F45FB2346AC20FFE5E5E1146A4328C489BF2F7E876BBB72E7BE296954C9FF5FF56C330465A8461DA70549B0EF691D7F80010400000F0B7B8D10400000820000040000100000208000010400000800002000004100000E69FB93E09D2E974E8FAFAFA56650C45514855D55E01015EB5637979D933C99627B506819729E7CFCD66B39E99F8A3129E1389845006BF6DDB43E590F8EFE5272164E06DE09594CDDBD3ED39CD66936CDB1E4A0AE6956844DE8D5F0CEED63EE9743A7082F4C5C505D5EBF55EE2702A95A25C2E17E94989FEF1675956EFD4064F524E2693148FC77B7D964EA7473EDFEF0E672F78BFD9B6DDBB7EC1ABCDF9381C1C47B1584CF8048E575FA55229DFDF386BCC6522B4699A54AD56031DBDE2C7D5063BF8EAEACAF7762D513299CCD0F9D556ABE55BE6C8ED7383BFD7AF2843369B0D5591C6B66D3A3A3A122E6335F89CD3D353DFE3673B3B3B2345B05AAD8E9CF88C312A168BC222787E7EEE7A5CD06B0C84592C821444E87F7E3E9FF73CB9F1EAD5AB48EE19F16A2FBF621522EDECD5B6FD0BF2DEDE1E5CE0718A5FA9540A7CEED4711C3A3939195AB5A2BC74DB6D6088ACE88D4663E491AA72B91CEA763711FCEAF18D7A0E3F2628F28C51DFE7D746FC7A475141F79AA05E6340946EB74BA7A7A774727212AAA4BEE338542E975D9F6F9A6664972C398E3374CF4BABD512AA5F38AA445BB3D914AA2E1E762C42000506E0C9C949E881C2DDC87EF2F97CA4F75B0C76BE68555EAF725ADC65F123AC0B1CF4B7F75B4FFCACAB888BE6552D46B48C98E87B8A5CE5592E97438DBD52A9247DD9B8E338AE6D118FC723ADE03CF89E894442A81250BBDDF61430BFA2BABC9FE6A914FF5C0960B95CF61DE08AA28C9C2C8303835748F173AF52A9146D6F6FD3CECE0EADAFAF93AEEB429372797999D6D7D785069EDBED6C22832E994C86727F898836363684CAED73F777B06CD4D6D696D08077FB1D220551B90B2DEAB68A5877A38A5B8C1A7B7E0B91A669944C267DC785D7F7E47239CA66B3BEE37B7D7D9D767676687B7B9BB2D9AC50FBC76231E17A836E8B128FF38AF4D53CC500E74A00FD56DF4C26437B7B7BB4BFBFEF69D9B90D3E45517C452097CBD1F2F2726F2340D775D722A36E96D8CACA8A90A534188B141D742275F3FC3EEF373114457115D9582C465B5B5B4296D9E0C412B1FE8294921A252E41DC72B7C93F6AEC31C6687777978AC522150A05DADFDFF715322FFC16B2542A452B2B2BB736A58AC5E2D0F8756BB3783C2E54F7D06D311659883399CCDC15629D1B011459B1FBCB13A5D369D7EAC55E422722007CD21E1E1ED2C1C1011986D17B06636CA4A5273289F96E719041D7FF6E32F85DBDA9AAAAF4F3EBF57ACF4213B5FE44AE040D2380A3DCF2A056F8D6D6D6D0C45F5B5BF31441BFB130AA3DF982DBED76E9E0E0804AA5121D1D1DD1C6C646CF854E26939E352145DDD3FEC55874218E621C4E9AB949831115C052A9D4AB9396C964687777974E4F4FA9DD6E533299F48CB3889AEDFDEF51ABD5686F6F2FD25DAF6AB5DABB1B4264D04D2ADE12C5FDB2FD573B06BD4240D4FD0D12A3ABD56ABED593FD360F781D432F6B6E705366D4254FFD8B8D5FDF773A9D5E2CDC300C6AB55A94CBE57C2D3CD171DE7F55AAE8423C8F7710CF8D0006695CBED951AFD77BEEEDD6D696546CA2D96C92A228B7AC96715CAEED384EEF263311267D41B92C7C3245B9FBDEDF474170BB0FD9CD1D0C6B19F3F082AEEBBDCBAD64CBD5773A1DEA743A43BBB18661445E18B55AADF6F20B1795B911404DD3846E00731BE45C50F2F97CE81885D7CE61A7D3897CE50B930C3B8F2218F5C23778531B8FBB8E12313F2BD0EF027511B72F1E8F4BC769FB05D9EDF7044DE40F62B12F32732380A2F7DBFAB9C741126AC1FCE016A7D2759DE2F1381D1C1C4859817E0BECA01BDE6C36A9DD6EF7AE1A181465EE3647797951D8DCC6BBCE5CED02AFADAD49C5BC1CC7194BEC098C0FD1893D68A9288AD23BFEE8B7C32F63E5589675EB5D0F0E0EA852A9785E9CD46EB7A9D16850B95C16BA171A40006FB9235B5B5B817706FB69341AA1564B45515CC557D49A748BA388C6EFE62DCE17E53B8BB8766E97D777BB5D3A3E3EA6E3E363DFEFF0BBDCC8AF5F79DF369BCD40211A917BA1DD70CB35140DEDB8FD4ED1313C8FE3706104B05AADD2E1E1211D1D1DF59292C37648987849369BA562B1784B041545E90D1EDBB6E9EAEACA535CDD045024272B93C9CC55663D87DF5027D2AEB2B859F58EE3F4E26522FDEDE519881672082242418567B05D0B85C2D0D8E16384BBE041045D748C4575093D0430047C57D4711CAA56AB148FC7696F6F8FF2F9BC94451874B0F64F88D5D5D59EB81D1D1D51A552A1838303610B53A4CA895F62EC3882DFA296C32871E7BFCFCF9291DD40B26D3B921D65AF23602263AB5EAF936DDB944824687D7D5DE834085FC4C35AD6FDEFC5D3BE88DE6FD695CB652A954A81C23D7EC7F032998CEF589DC738E4DC08607FE33A8E43A7A7A7BD49B6B5B5457B7B7B52D6845FE7F1FFCECB5EEDECECD0CACA4AEF803C777D1CC709948B36EA9D45065D5407E86545C8CB7A1A750226ECF13D11CB2D0C5E677445FAA0542A91699AB4B2B242854261A4F8A75229D7E4694E7F5CD173E2FEBFA36DBAAED3EEEE2EC562B1A1132B415C6CBFC558A4AF26B518DF49011C34D10DC3A0C3C3C3DE911D7E54CB6FB032C65CAD0E9138111F78FDF5D644CE887A7DBF6DDB944EA73DAD053E89FC442E8A95D7EF378415DA51271244ACBF5196A7699AAE939CD7E2E3FF88BA9A8D46C355CC45CE72DBB64DA55289CECFCFE9EAEA6A644EA29F55392AEFAEDFDA4DA7D3BD1A879D4E672855CB6D5C8D6A4FAF90452A952245511672A7796ED260E2F1F890AB63DB76AFD65E3299147285BC4C7DBF98C9E044731CC735F8EE26D6DD6ED755404CD32445515CD37BB87BE8964AE1E682C958532265AD0CC3A0F3F373D77C36B7CFF2DFCB4F12B8A5A8787D76F0B9A6690E594B6E139E4F7AB793397C87D64FC84F4F4F696B6BEB96682E2F2F532693F1B5A81CC7F1FD1B5EC0D60BB78218839C9F9FDF7A3FC3305CDBD12DAEE73696AEAFAF696D6DAD97B03DD846BCAFFC7E5BA3D1102AEE0B0B30047E017511F1D3346D48006DDBA6E3E363DFCFF3846AFE4FBD5E771D4C8CB15B93B5D56A79E6A195CB65EA743AAE9565D2E9742FB6E847AD560B7C0AA25F1844CB43351A0DBABABA1A9A8C6E69248661F4DE7DD0CDE722D06C36856A01964AA55BD6C7F9F939954A25574BC9711C3A3A3ABAF5F7DD6E970E0F0F85AC58FEDE8309D01B1B1B42052DFCBC8F5171BFABAB2BA1BE68341AB7C6A2D722D26F61F35D71B7BF350C834E4F4F7BB9B66E967AB55AF55DAC6CDBA6C3C343B8C0E3B20065363B344D732DD5C39356A3627000552A15CF89C7377406071E1788FEF39E7E84AD53275A6FD0ED396E47B20627D6D5D5D5507C892F66A2F977FD71D56EB7EB6B890C163A087A9CCBCB922B140AA16BF631C646C6FDFCC64A50062D4DBF71CE4BFB0F2EC67CF112ED2BDBB67D4FCF40004392CFE72993C9044A7F618C51369BF5AC5316E53136C6D8D004F13B2BCADD145DD77BC7FDF2F97CCF0A14B13AF86F0C43229108D49EFD934AF418188FA331C66ED52E142D469BC9647ACF75B352BC04A0BF8D83FC464DD33CDB3397CBD1CECE4E206B3093C950B158F41D6B51A63B0D7A4C7E293A8C318AC562BD18378FFDF1F3C57C4C8A1800F354126B2EEF04E976BBBDF81B8FDDF1D58D57A4E5C78D52A9946F4C821F300F437F226C2E971BEA7C9E97E55688955F22E3F75B6BB59AE7AA1A8FC7A5EBB0F1E3605E6D108FC7495555D78BA53A9D8EEB31346EB1FB4D7AD3347B69246EF0FA778354AB55D736F1BA24CAAB1FDC1604D138168F9D724B9D5BD2FD97228DBA8CCBAD1F5AAD56282B905FD2C5DBDE2D676F545FE9BAEEFB9EAD56CBF320412C16A36432E9DA5710400000800B0C000010400000800002000004100000208000000001040000082000004000010000020800001040000080000200000410000020800000000104000008200000400001000002080080000200000410000020800000000104000008200000400001000002080000104000008000020000041000002080000000010400000820000040000100000208000010400000800002000004100000C6C7FF0D00112A7AC9908E62C60000000049454E44AE426082', 'image/png', 'default.png'),
(4, '89504E470D0A1A0A0000000D4948445200000140000001400806000000CD90A5AA000000097048597300000B1300000B1301009A9C1800000A4F6943435050686F746F73686F70204943432070726F66696C65000078DA9D53675453E9163DF7DEF4424B8880944B6F5215082052428B801491262A2109104A8821A1D91551C1114545041BC8A088038E8E808C15512C0C8A0AD807E421A28E83A3888ACAFBE17BA36BD6BCF7E6CDFEB5D73EE7ACF39DB3CF07C0080C9648335135800CA9421E11E083C7C4C6E1E42E40810A2470001008B3642173FD230100F87E3C3C2B22C007BE000178D30B0800C04D9BC0301C87FF0FEA42995C01808401C07491384B08801400407A8E42A600404601809D98265300A0040060CB6362E300502D0060277FE6D300809DF8997B01005B94211501A09100201365884400683B00ACCF568A450058300014664BC43900D82D00304957664800B0B700C0CE100BB200080C00305188852900047B0060C8232378008499001446F2573CF12BAE10E72A00007899B23CB9243945815B082D710757572E1E28CE49172B14366102619A402EC27999193281340FE0F3CC0000A0911511E083F3FD78CE0EAECECE368EB60E5F2DEABF06FF226262E3FEE5CFAB70400000E1747ED1FE2C2FB31A803B06806DFEA225EE04685E0BA075F78B66B20F40B500A0E9DA57F370F87E3C3C45A190B9D9D9E5E4E4D84AC4425B61CA577DFE67C25FC057FD6CF97E3CFCF7F5E0BEE22481325D814704F8E0C2CCF44CA51CCF92098462DCE68F47FCB70BFFFC1DD322C44962B9582A14E35112718E449A8CF332A52289429229C525D2FF64E2DF2CFB033EDF3500B06A3E017B912DA85D6303F64B27105874C0E2F70000F2BB6FC1D4280803806883E1CF77FFEF3FFD47A02500806649927100005E44242E54CAB33FC708000044A0812AB0411BF4C1182CC0061CC105DCC10BFC6036844224C4C24210420A64801C726029AC82422886CDB01D2A602FD4401D34C051688693700E2EC255B80E3D700FFA61089EC128BC81090441C808136121DA8801628A58238E08179985F821C14804128B2420C9881451224B91354831528A542055481DF23D720239875C46BA913BC8003282FC86BC47319481B2513DD40CB543B9A8371A8446A20BD06474319A8F16A09BD072B41A3D8C36A1E7D0AB680FDA8F3E43C730C0E8180733C46C302EC6C342B1382C099363CBB122AC0CABC61AB056AC03BB89F563CFB17704128145C0093604774220611E4148584C584ED848A8201C243411DA093709038451C2272293A84BB426BA11F9C4186232318758482C23D6128F132F107B8843C437241289433227B9900249B1A454D212D246D26E5223E92CA99B34481A2393C9DA646BB20739942C202BC885E49DE4C3E433E41BE421F25B0A9D624071A4F853E22852CA6A4A19E510E534E5066598324155A39A52DDA8A15411358F5A42ADA1B652AF5187A81334759A39CD8316494BA5ADA295D31A681768F769AFE874BA11DD951E4E97D057D2CBE947E897E803F4770C0D861583C7886728199B18071867197718AF984CA619D38B19C754303731EB98E7990F996F55582AB62A7C1591CA0A954A9526951B2A2F54A9AAA6AADEAA0B55F355CB548FA95E537DAE46553353E3A909D496AB55AA9D50EB531B5367A93BA887AA67A86F543FA47E59FD890659C34CC34F43A451A0B15FE3BCC6200B6319B3782C216B0DAB86758135C426B1CDD97C762ABB98FD1DBB8B3DAAA9A13943334A3357B352F394663F07E39871F89C744E09E728A797F37E8ADE14EF29E2291BA6344CB931655C6BAA96979658AB48AB51AB47EBBD36AEEDA79DA6BD45BB59FB810E41C74A275C2747678FCE059DE753D953DDA70AA7164D3D3AF5AE2EAA6BA51BA1BB4477BF6EA7EE989EBE5E809E4C6FA7DE79BDE7FA1C7D2FFD54FD6DFAA7F5470C5806B30C2406DB0CCE183CC535716F3C1D2FC7DBF151435DC34043A561956197E18491B9D13CA3D5468D460F8C69C65CE324E36DC66DC6A326062621264B4DEA4DEE9A524DB9A629A63B4C3B4CC7CDCCCDA2CDD699359B3D31D732E79BE79BD79BDFB7605A785A2CB6A8B6B86549B2E45AA659EEB6BC6E855A3959A558555A5DB346AD9DAD25D6BBADBBA711A7B94E934EAB9ED667C3B0F1B6C9B6A9B719B0E5D806DBAEB66DB67D6167621767B7C5AEC3EE93BD937DBA7D8DFD3D070D87D90EAB1D5A1D7E73B472143A563ADE9ACE9CEE3F7DC5F496E92F6758CF10CFD833E3B613CB29C4699D539BD347671767B97383F3888B894B82CB2E973E2E9B1BC6DDC8BDE44A74F5715DE17AD2F59D9BB39BC2EDA8DBAFEE36EE69EE87DC9FCC349F299E593373D0C3C843E051E5D13F0B9F95306BDFAC7E4F434F8167B5E7232F632F9157ADD7B0B7A577AAF761EF173EF63E729FE33EE33C37DE32DE595FCC37C0B7C8B7CB4FC36F9E5F85DF437F23FF64FF7AFFD100A78025016703898141815B02FBF87A7C21BF8E3F3ADB65F6B2D9ED418CA0B94115418F82AD82E5C1AD2168C8EC90AD21F7E798CE91CE690E85507EE8D6D00761E6618BC37E0C2785878557863F8E7088581AD131973577D1DC4373DF44FA449644DE9B67314F39AF2D4A352A3EAA2E6A3CDA37BA34BA3FC62E6659CCD5589D58496C4B1C392E2AAE366E6CBEDFFCEDF387E29DE20BE37B17982FC85D7079A1CEC2F485A716A92E122C3A96404C884E3894F041102AA8168C25F21377258E0A79C21DC267222FD136D188D8435C2A1E4EF2482A4D7A92EC91BC357924C533A52CE5B98427A990BC4C0D4CDD9B3A9E169A76206D323D3ABD31839291907142AA214D93B667EA67E66676CBAC6585B2FEC56E8BB72F1E9507C96BB390AC05592D0AB642A6E8545A28D72A07B267655766BFCD89CA3996AB9E2BCDEDCCB3CADB90379CEF9FFFED12C212E192B6A5864B572D1D58E6BDAC6A39B23C7179DB0AE315052B865606AC3CB88AB62A6DD54FABED5797AE7EBD267A4D6B815EC1CA82C1B5016BEB0B550AE5857DEBDCD7ED5D4F582F59DFB561FA869D1B3E15898AAE14DB1797157FD828DC78E51B876FCABF99DC94B4A9ABC4B964CF66D266E9E6DE2D9E5B0E96AA97E6970E6E0DD9DAB40DDF56B4EDF5F645DB2F97CD28DBBB83B643B9A3BF3CB8BC65A7C9CECD3B3F54A454F454FA5436EED2DDB561D7F86ED1EE1B7BBCF634ECD5DB5BBCF7FD3EC9BEDB5501554DD566D565FB49FBB3F73FAE89AAE9F896FB6D5DAD4E6D71EDC703D203FD07230EB6D7B9D4D51DD23D54528FD62BEB470EC71FBEFE9DEF772D0D360D558D9CC6E223704479E4E9F709DFF71E0D3ADA768C7BACE107D31F761D671D2F6A429AF29A469B539AFB5B625BBA4FCC3ED1D6EADE7AFC47DB1F0F9C343C59794AF354C969DAE982D39367F2CF8C9D959D7D7E2EF9DC60DBA2B67BE763CEDF6A0F6FEFBA1074E1D245FF8BE73BBC3BCE5CF2B874F2B2DBE51357B8579AAF3A5F6DEA74EA3CFE93D34FC7BB9CBB9AAEB95C6BB9EE7ABDB57B66F7E91B9E37CEDDF4BD79F116FFD6D59E393DDDBDF37A6FF7C5F7F5DF16DD7E7227FDCECBBBD97727EEADBC4FBC5FF440ED41D943DD87D53F5BFEDCD8EFDC7F6AC077A0F3D1DC47F7068583CFFE91F58F0F43058F998FCB860D86EB9E383E3939E23F72FDE9FCA743CF64CF269E17FEA2FECBAE17162F7EF8D5EBD7CED198D1A197F29793BF6D7CA5FDEAC0EB19AFDBC6C2C61EBEC97833315EF456FBEDC177DC771DEFA3DF0F4FE47C207F28FF68F9B1F553D0A7FB93199393FF040398F3FC63332DDB000000206348524D00007A25000080830000F9FF000080E9000075300000EA6000003A980000176F925FC5460000344A4944415478DAEC9DFD6F1BD795F78F793DC311299AD44834254AA24C5955EA45BA0E120458D440816283059A9FFABF36488145BA290A78B16D10206E827AE3A892A9178A34258AB4486A5E32F4FEE0E7F2A1C819CE9DB9C3577D3F40B0DD44E40CEFCBF79E73EEB9E7DE7BF7EEDD3B0200803B480C4D0000800002000004100000208000000001040000082000004000010000020800001040000080000200000410000020800000000104000008200000400001000002080000104000008000020000041000002080000000010400000820000048701F4D00C689E338C27FCB184383010820982F81FBF9E79F8988C8300C320C83BADD2E1986418C31B22C8B1863E4380E75BB5D77372416EB891FFFBF8AA25022912022224DD3E8DEBD7BA4AA2A1A1C44CA3D5C8C0E825872AD568B0CC320D334C9B22CB26D9B1CC7E9FDF728456AF07B1DC7214DD328994C522291204DD3E8FEFDFBB01C0104108CC7B26B341A649A26B5DBED5BEEEC3445C7B2AC5BEFA0691AA9AA4AF1789C32990C4411400041704CD3A446A3419D4E870CC398BBF7E7C2A8AA2A699A46BAAED3F2F232C410400081BB95C75DDAEBEBEB9E3BBB6882914C267BD6613C1E47C70308202CBD464FF4EE8AD87377399BCD92A66910430001BC4BD6DEC5C5055D5F5FF77668EF725B70CB50D7754AA7D318201040B0A8D65EB55AED6D62201E362C869AA6512A95A2959515A4DA4000C122D06C36A956AB51BBDDC6A4161442C6186532195A5D5D459B4100C13C4EE256ABD5133EC6182CBE90643219D2751D7142082098178BAF5EAF9361187075235A4C5455A5542A05218400825916BE6AB54A373737B0F8C62886ABABABF4F0E143B42F0410CC027C73E3EAEA0AF1AA09605916A9AA4ABAAED3DADA1A84100208A6658D5C5C5C50AD56C3249CA26B9CCBE5903E0301049376776BB5DACC262FF3FCBA7E61E6FF3B161B5D7AB2DBED0E95CE9AF558663299A4F5F57558E01040306EF7EBF2F2922E2F2F674210FA858931468AA210638CE2F138699AD6FB3B5EC66A50144789E7BB77EF6E9D43EEAF3CE32692B3403E9F8735080104E3B2FAAAD56AAFAEDEB4048FBB7E9AA6F54A51F597A31AB7B5C6DF810B64A7D3A176BB4DB66DF7E273D36C9B959515588310401025E7E7E753B3FAFACFCEF22363B3980A625916DDDCDCF404915B8FD35A2C76777791320301043298A649272727133FB3CB8F85A9AA4AE9749A969696E6CEA2192CE93549EB905B830F1F3EA48D8D0D0C64082008E3F296CBE5898A1E63AC573F6F1E45CF4F0CA7510042D334DADCDC844B0C0104415CDE376FDE4C6CD2288A42A9546AE1EBE4F123829D4E871A8DC64417166C90400081C064393E3E9E5815E6BB5C2DD9B22CBABABAA27ABD3EB1BEDDDEDE8608420081D7847CF5EA15118D37706F5916ADACAC502E9743907E20DC30891DECD5D555C4052180A01FD334E9F0F070EC16483299A47C3E0FE11B2184E34E30771C871E3C78408542010D0E0104CD66935EBF7E3D9678DFE0C606DC2FB136BBB8B8A066B339B69C4BBECB5E2814B039020184F88D4BFC705655AEFDCECECEA8DD6E8F2D14B1B4B4448F1F3FC6596E08E0DD14BF71A4B9F0C465946D8A2E3C512E977B8565218210402049B55A1D4B1517EE5A6D6F6F23CE37277DC679FCF831DC6108E0DDB0FC4E4E4EC63291745DA75C2E87461EA33538AE93398AA250B158842508015C6CF18B3AE607AB6F3AD660A55289BCF2B6A228D8188100C2F213C5B22C9C379DA2357878781879EE202C4108E0424E96FFFDDFFF8DCC62E01B1D3859305D2CCBA24AA5426FDFBE8D4CB078BE66B15844034300E71FC771E8871F7E88DCAD41B9A5D97389A3EA63244B4300178657AF5E455ABD1871A2D924EAF8AE6559B4BEBE8E4DAD0911431344CFF1F171E4A5DB6DDBA6ABAB2B34EE8C914EA7E9D1A34791B9C2AAAA52BD5EA766B389C68500CE1FE7E7E7F4F6EDDBB17C77A552A16AB58A469E4111DCD9D92145512275AF4DD344E34200E7CB1D7AF3E6CDD876F2B87500119C3DE2F138150A85C844D0B2ACDE6E338000CE3C3C597612313A88E06CA2AA2A150A85481640FE1D676767685808E0EC532E97279AC355ABD52082332A82FBFBFB915982ED761BFD0C019C6D8E8F8FC7563D649485004B707689D21DAE542A88074200679366B31969422CDCE1C57287A31041C6189D9C9C201E08019C2D1CC7A16AB53AF5E34B10C1D915C1EDED6D69E1628C91611874717181468500CE0E171717645956242BBCEC248108CE26F1789CB6B7B7A5C7090F79C0158600CE04A669F62A83C8F2E8D1234A2693D222C83746A21065101D3C595AB67F1DC7A193931334280470FAAE6F54292FBBBBBBBD78D1EAEAAAD424618C51A552C189911915C1070F1E485B81B66DD3F9F9391A1402385DD757F60631CBB26EDDD4C618A3870F1FD283070FA44410C9D2B3CBE6E626298A226D09361A0DB8C210C0E9B9BEB55A4DFA7B1E3E7C3854D28A314685422112771822387B30C6687B7B3B12CF611CF7CA4000812F51ECFA6A9A460F1F3EF4FCEFC562911E3C78201DCBABD56A7097668C783C4EB95C4E7A816BB7DBB002218093B7FEA288AFE5F3795F112D140AB4B2B2221D13BCBCBC84253863A4D3E948E2BDA552098D09019C1CA55249CA7D711C87745D172E68BAB9B9291D13648CF576871DC74132ED8C10C5D5A59665A16C16047032349B4D2997945F6214A4D02563AC278232F01C3224D2CE0E8C31DADDDD951A537C71C3A206011C3B516C7C6C6F6F871AE4516E8C40046787783C4E2B2B2B522268DB36B55A2D342604707C98A6297D276C369B95BACB03BBC38BC9E6E626A9AA2AD5AFB0022180634526FB9E0FCCB5B535E9F7E0BBC3519D1801B3E10AE7F379A93E6DB7DBB00243721F4D309A66B349ED763BF4E6071FE051154CE0C9B4979797A1BF93C78E8868AC97EF58964537373764180675BBDD5B25C31863A4691A251209D234ED4EDF74C74F89B4DBED507DAAAA2AD56A355A5E5EC6BDC210C068A9D56A52834AD3B448EFF0E527466CDB962AC3C53746A21441C771A8D56A51B95CA65AAD46AD568B6E6E6E7A31AE7E2BA7FFBD5555A54422416B6B6BB4B5B51568A77C51C8E7F3F4D34F3F85FE3C8F05E2BEE860E05ACC1198A6493FFDF4536891711C877EF18B5F8C6D321F1D1D916118D2DFA3EB3AADACAC84BEC0BDD96CD2C9C9099D9C9C50A3D1E8095D90EFEA17C7A5A525CA66B3F48B5FFC22927411D1DF50AFD7C9300CD234EDD631C549717C7C2CB5A8259349DC290C018C8EF3F3736A341AA13FAF280AEDEDED8DF51D8F8E8E42BB4E832218D4126C369BF4E2C50B3A3B3BF3143DD1D896D7E7745DA7BDBD3DDADFDF1F5B1BBE78F1820E0E0EE8E6E6E69608FFFAD7BFA68D8D0D2CB810C0BBC9CB972F437FD6B22CFAE52F7F3991C1787C7C4C575757D249DAD96C5648044DD3A4BFFEF5AF747C7CEC69E9398E43CBCBCBA4EBBAD0B3EBF53ADDDCDC787ED7D2D2127DFCF1C7542C16236DBB6FBEF9867EFCF147CFE7FEFBBFFFFB444550D6AACF6432137DDF790731C011D68DE338A157E395959589ADC4DCED9111C1FE8D91B5B5354F4178F5EA157DF7DD779E6DC385EFE38F3F0EE48E5996D5B3C4DCDECDB22C7AFEFC39BD7EFD9A3EFEF8E348625DCD66930E0E0E46F6F177DF7D3731379CE8FD26D7AB57AF423FAFD1684CF47DE71DA4C1782053F4C0719CB1EEAE7A4D9C28CE0E7B254B3B8E43CF9F3FA76FBFFDD6D3EAE3AEE36F7FFBDBC0B1285555E9D34F3FA5BDBD3DCFDFC018A3B3B333FAEAABAFE8E8E848BACDEAF5FAC8F6628C51A7D399688A89AAAA52277F2CCB424A0C04503E16232324D348EBE02746C69527C818A36C363B7251701C870A85829475F6AFFFFAAFB4BCBC3CF277726B502644414442351DA7515D5B66F1545515E783218072F4EF6486219BCD4EEDDDA33831E275E5E693274FE8A38F3E1AF9DDB296EFFDFBF7291E8FFBBE3F638CBEFDF65BFAE69B6FC20FFE584C4850264D3C1E274DD3427FDE300C94CA121D6F6882612BE6FAFA3A94FBEB380EA9AA1A792E56B55AA57ABDDECBAB1BE4E9D3A7B79E592C1623D91D764B967EF2E409699A46CF9F3F77FDEE282C5FD1C9CF18A31F7FFC912E2E2E28994C067E4EABD5F26D1F1E9BF462696989D6D6D6224F9BD1759D5EBF7E1D4A802DCB22C330B01B0C010CCECF3FFF2C55EE3E954A45F21E9665D13FFFF94FFAC73FFEE12A7A8342F5D9679F0D89A06C5E99D7899162B1488EE3D0FFFCCFFF0C7D77A55291B2021DC7A166B329FCCEBCE6E1E5E565A8DF2702DFEDF682EF22673219FAE8A38F22D9855D5E5EA6A5A5A550963CB7E09114ED0FD2605CAC2D99D31FBBBBBBD22BEFF9F939FDF5AF7F15B250B8682C2D2D0D89A0E33874767616C9C5ED6E7982AF5EBDEA6D8AF45B44BFFBDDEF42B7C1AB57AFE86F7FFBDB5CEE62F29DF1CDCD4D7AF6EC99F46F90C943658CD1CECE0EAC40BF30089A201AF797E87D26BEEC803B3E3EA63FFDE94FC2E2C707FBCDCD0D7DF5D557B702E0FDA5B46483F96E31C1FDFD7DFAE4934F6E5929AD568BFEEBBFFE2B540CEAF8F898BEFFFEFBB94DE1E0EF7D7C7C4CFFF99FFF291D87D3753D74BF59962595C40F0BF00E625916BD7CF93254DCC5711CDADEDE96723BCECFCFE94F7FFA9354FA0D638C3EFFFCF3A1F788F2D8DCA025F8F2E54BFAF6DB6F7BEFCD2D525ED67FD4C5EF8C31320C832A950A9D9D9D2D4CFE9AE338B4BABA4AFFF11FFF21F59B0E0E0E4285641CC7A1070F1EE0681C047032EEAFA22854281442EF1A9AA6495F7CF185B4A5E6E50E731194DD18F13A317270703014130C1ABF5AB4E45DC771E8830F3EA04F3FFD34F477F073D66137E59E3C7982A468B8C062C8B8BFAAAA4AA54CFCFDEF7FF7DDEC90718789A2A927C82F5F1F7487F7F6F686DC615E5C41F49F45833146070707527979A37222459E8FA46808A0F06AD9ED76437F56C6F5354D938E8F8F231381512218C5454B5E97AF3F79F2843EF9E4130CA681B1F1EAD52BA9BE94C90944523404508856AB257DFA43C6F58EC2FA1311C1284F8C8C4A9606FFBFBDFDD268FC9049AD8A22EE0B01BC03C80C14D9DDDF7195A7E722F8E5975F0E59027C775896B02746EE12373737529658269309DD9696654DE5381F0470CE087BFED7B22C4A241252CF1EE74D6D7C07D64D048BC522699A3696B3C3DC1D8608CABBA2B2A955D8E78400FA123659989F00901DA0E3DC04E02238E98D91274F9ED0BFFDDBBF410489A4DB20ACB5CE18433E2004D0DF8A9319D8B22BF4BD7BF7C62E1293D818A9D56A43DFCD7787EF3AB20B5C2291083D4E51180102383617218A38DA2427E1CDCD0D7DFDF5D763D918618C51B95C1E1241AF8D11C7717AFF80D1643299D0228A18A037288640EFCB5F851D5C51153F98A408B65A2DFAEAABAF8692A50B8542242746CAE532198631544546D7F55EAA916DDB641806359B4DBAB8B8087D99D29D99A8F7EF876E17DBB6C9B2ACA994F68200CE01322E824CFACBB42DC12FBFFC72E8D85C54A5B4EAF5FAD095A0A3AAC498A649F57A9D4E4F4FE9F8F8D8F37E90BBEC422793C95B772B8BE2380E3642E0028F1E20774900F9841AE7C60811D1C9C989F0EE673C1EA78D8D0DFAF4D34FE9F7BFFF3D3D7BF62C7439A845455194D0ED817C4008A0276156D57ED7649EAD8A716E8C30C6028960FFE78AC522FDFEF7BFA78F3EFA8854558510D2FB8D90B0678221801040572CCB0AED6A298AB210AE95D78991698A20E7C30F3FA4CF3EFB8C0A8502443024AAAA62271802E8CEBB77EF42EF92A9AABA1071AA7E11EC9F28FDF504C7B13B2C4A3A9DA6DFFCE637F4AB5FFDEA4E8BE0D2D252E8CFC2028400463E3016A9DA2E17C12FBEF8626C27464E4E4EA48EFD3D7DFA949E3D7B766745903126E575C08286007A0EAC3083695E3740FC4470304F90E87D427314EEB0DBB1B920148B457AF6EC19C6298000466501863D02B7A893ACD56AB98A605431C17ABD2E7536B6582CDED9620B6137842CCBA29F7FFE198A0701BCCD5DCB019411C1A8364688482A2648F43EB1FA830F3EB89322085716020877644222386A63441659117CFAF429E9BA7EA7046111320F20800BB09ADE95499748245C377BA2DC18092B82AAAAA2D04200B0130C011C12B1B013585194B94E8216B5027FFDEB5F7BFEF7A84A69C988602E97BB5339826193A1010410045C1CF6F6F67CEF3A998564E9A74F9FA2C360014200A761212DF26FDBDFDF17FABBCDCDCD4892A5C38A603A9DA6CDCD4D6C0E00082088C6FA5B5F5F17BEE98E9FDD95DD18913931F2CB5FFE121D072080201A363737037F669A2746745D973A2A0620800010D1FB33A7A36AF77961595664EEB05B79FD51C4E3F13B9712032080604C02B8BCBC1CF873AAAA92AAAA9195D70F1A137CF4E8113A0F400041781CC7A1E5E565A90D1E9E2C2DEB0E078D09EABA8E141100019CA4582C22BAAE47D236516C8C10899F18D1340D714000010C6261C06218260AD1E26D1B8525282A82F7EFDFC7C53F3E0B04800046826DDB0B5B5D23CA89D29F22237B3DA35F4C903136913B96A749A7D3C1460F04305A2B70929FBBAB148B455A595999EA8911002080118155383851A5C8C856919977CF23ECE20B17180238844C79A1453D5B69DBF6D8ACED7197D2DADEDE86D7022080A22412895016C9225B80E3FC6D3C2618455D3B3711FCF0C30F17BA5AB4CC055E8B5EBD080238C109CF185B580BF0EDDBB7637FC6DEDEDED8EA092EAA08CAFC1E846C2080AEC8C44516F5AED57ABD3E91E78CF3C4C8228AA0E338D4ED7643B7135C6708E010F7EEDD0B9D3B2653507556618C51B3D99C88B84779F9BA973BBC487709DFDCDC84FE2DD8008100BA12F6962DA2F16D164C9B56AB458D46636282BBB9B919C9047513C1A74F9FD2AF7EF5AB85E897B02117CBB216EA0E6B08E018441016E06D2A95CA44ADCEA84A697989E0BFFCCBBFCC7D5F99A6193A5E0D0B10023816F7E0E6E666E1DA83314667676713158C2853645EBF7EED2A82F31E13947977082004D01319F760517782EBF53A1D1F1F4F5C780B850231C6A426BBAAAA9E1B23F31A13741C277412343F22082080AE643299D093E2FAFA7A61DBE5E5CB9753B13E1F3F7E3CB61323F31A13FCF9E79F43E7002A8A82221110406F6456C776BBBD906DC218A37ABD4E0707075379368F09CAB2283141994D29881F04D07780C8144558D47C40C618BD78F1626A42512C167BEE9F0C5E31C17972873B9D4EE8318A1D6008A02F6177201DC79958CAC834B8B9B9A1E7CF9F4F4D80F7F7F7A57787BD6282F3B43112D6D3701C8732990C2638047034894422D40AABAA2A753A9D856D17C6181D1F1F4FC515E6CFDFDBDB8BE4CACD793D311236FD85830D1008E0D82C40BE3A2FAA1BCCC5E39B6FBEA1F3F3F3A9BD43A150204551EEE4899146A311DAFDE517550108E048C2DC82D6CFA2A6C3F4F3DFFFFDDF5313C149244BCFAA085E5F5F871240C77190FF0701149F6061DD2C7E7E76D1B12C8BFEFCE73F4F3C3F705004658E2FCE9B083A8E137A71658C513A9DC6E486008A11B636201707D93B2FE685BFFCE52F53C911E493FAF1E3C79158365E1B23B32482AD566BAA9E0D04F00E2173678561180B792CCE4B84BEFDF65BFAFAEBAFC76EF93A8E433FFCF0C3ADE744E50E7B6D8CCC9208D6EBF5D0F1BF6432891258104071545595DA6DBC4BF754F0F3C25F7DF515BD78F122F24D20C771E8FCFC9CFEF0873FD077DF7D47CF9F3F1F12417E7658560467354FD0344DA9447BE4FF410003934AA5424FA4B0BBC1EFDEBD9B5B11B42C8BBEFFFE7BFAE28B2FE8C58B17D46C36A544C3344D3A3838A0BFFCE52FF4E73FFF995AAD56EF54CAF3E7CF6FB56FFFBDC3B2BF6316638232D61F630CF97F02E092800132990C552A9550A9033C293A97CB05FADCBCE769F50BE13FFEF10FCA6432B4BDBD4DABABABF4F0E143DF49DC6C36A956AB51B95CA65AADD60B25F45731E622F8C73FFE913EFFFCF35EFF7077F8E8E828747D46FE8C72B94C44746BE3E0E9D3A74444F4FDF7DF4BB99341EF40711C47EA9CB9A228B0002180211AE4FEFDD079537C37786D6D2DD064595B5BA3CBCBCB85708B89882E2F2F7BBF8731464B4B4B944EA77BFF9BE87D70FFE6E666C8621C55BA9D3146AD568BBEFCF24BFADDEF7ED79BE05C04FFF9CF7F4672C7C8384430914804FAFB56AB15FAB7388E43BAAE63324300C34D625DD7A956AB85CEBD6AB55A81D20F0A85C2D44E5A8C530839373737AEBB99FDD65D90EF6EB55AF4C73FFE917EFBDBDFF6DA99EF0E1F1F1F53BBDD96721DBD44903146DF7DF75DE0EFD6753D703A8ACCBD2CAAAA22FF4F10C4003DDC601977A756AB05FAFBB5B5B59E65B4C80BCBE03F32DFD56AB5C6BA3112553D41C771A85028047ABE699A5289F5707F218052C4E371A9096A1846A0CD107EDE155717061329BE31E22682B2E91F516D8C2C2D2D05BEACBD5AAD867E6FB8BF10C048C8E572A1139B19638107F1FEFE3EE9BA0E110C21825F7FFDF5D0EEF093274F22B97C5D2645C6711CFAE0830F02B9BF966549DDCBACAA2A929F2180F22C2F2F4B59116FDFBE0D6405AAAA4ACF9E3D932E077F174590C70407DBAD582C8EADBCBE9F0872D7F7C30F3F0CF4BCB3B333A971C7379B0004507A62ADAEAE4A7D3EA815984EA7E9F3CF3FA7A5A52588600811FCC31FFE30E40E3F7EFC58BA1A4AD01323DCF2FBCD6F7E13E839B2B13FC77168656505030202180DB22E6998C4E8743A4D9F7DF6196D6E6EF60635101741B798E0CECE4E24C7E6FCDC61C771485555FAE4934FE8D34F3F0DFC0C999D5FA2F747DF50FA2A18F7DECDEB318409717474147A55761C8792C964AFB47B50CECFCFE9A79F7EA25AAD469665410C03842FFA5364785F1C1F1F4B5B588C31CAE7F34371BD1F7EF8816E6E6E687F7F3F540516D334E9F0F050EA77BBBD1780004AD16C36E9F5EBD7522BABECC0344D931A8D06753A1D88A000DD6E9752A9146D6C6CDCFAF79665F592A565E364518B8DCC424BF43EF585C73C010430520E0E0EC8308CD089D1FC6E0B0CCEE9E3388ED4B1B97188A0EC226B59163D7AF408D65F08100314209BCD86FE2C17BD8B8B0B34E40CC08FCD8D2B45268C2057AB55A9C5F1C18307103F08E0F848A7D3D2A70B6AB5DA42DF1B32AF22388E1499209C9D9D916559520288C46708E0D8896290F133A6603644709CA5B4445DDFABAB2B29F1D3340D89CF10C0C9588132938531468661481D7302D1A2AA6A64EE705011741C87CAE5B294F8F1636F882D430027C2F6F6B6D4BD1FFCE8165CE1D97387A33881134404DFBC7923BD1BAD691A627F10C0C9118FC7A5EE0DE9778591CE325B2218C58911DEB77E22D86C36E9F2F252DAFA0B5A64014000A5095AEDD90DC330E8CD9B3768CC19839F189115D35122689AA6B4EB4BF47EE71725AF208053B102B3D9ACF4B1AA376FDEF42609ACC1D9B002E3F138E5F379E998A0D7C688E3389159FF512CC40002188AA025EFDD505595CAE532E28133B8C08D2B2678767646B66D4B8F9D4C2603EB0F02385D6B61777737928BD04BA51276F166B07FF7F7F72389097211E4292F32388E438AA20C1DF103E1C1513809CECFCFE9CD9B3791945B7AFCF8318470C688F2D85C14E78FF9C607767E6101CE040F1F3E8CE42E0FCBB2E8ECEC0CB1C019B404B7B7B723B960280AF1CB66B3103F08E06C4D905C2E272D5C8C317AFBF62D9D9D9DA151670CBE3132CD5BD61CC7214DD3686D6D0D1D02019C2DD2E9343D78F0203211AC56ABB004675404A338311296EDED6D84482080B309BF8A310A8BB252A9A072CC8C8AE0F6F6F65444309BCD62D7170238DBE4F3F9482C375555A952A9E0CCF08C8AE0DEDEDE442DB16432899C3F08E0FC580851A4C6A8AA4AB55A0DEEF08CC277ECA3E86B2F78BFF3BB61000470E649A7D3F4F0E1C348448B174EC091B9D9835FB41445D863D422B8BBBB8BB81F0470BED8D8D888645384D36834E8E8E80896E00C5AFC5195D2722397CB21EE07019C4F0A8542A4DFF7F6ED5B3A3A3A42C3CEA025984AA522777D755D47BEDF84C0499031E1380EBD7CF932521786E71D6272CC46FF5E5C5C50A55289EC2E5EC771E8C18307912FA0000238154CD3A49F7EFA29F2380EEE7F9D2E966551A552A1B76FDF46D6B7B277480308E04CD26C36A95C2E473E011F3E7C8843F1535AD44AA592F4454683E05E5F08E0428BA0ECE5EA6E1683A669B4BDBD8D60F984A856AB54ABD5221529DE8F854221D2F10120803327822727276359E1755D47B2EC98ADBE939313320C23F2FE83E50701840511814BBCB4B4443B3B3BB006C7D067954A8518636311A9A8EE220110C0B9B104A38E0972578A8868757515B1C188ACBE72B94CED763B72E1731C875455A5478F1E41FC2080775304A38E09F64F2E4DD3503B4EA2FDCECECEA8DD6E8FEDFB354D83DB0B0184088E2B26C8AB0FF383F4708BC5DAACD56A51B55A8D7C877750FCB0E101010434BE3CC1412084FE8B51AD561BCB2647BFF821C91902085C44F0F0F070ECCFB12C8B565656208403C2374E8B0FE2070104821C1D1D8D25E0EE86A669A4EB3A2D2F2FDFB93894655974757545F57A7D62AE352E328200028189F2E6CD9B486E99134551144AA55277E29ED966B3499D4E871A8DC6449F8B638B10401070A28E234D6694F032C67A56E1D2D2D2C204E84DD3A446A3419D4E870CC398E8B3354DA3CDCD4D6C7640004198897B727242ED767BA21388EF52AAAA4AE9747A2EC5908B9E699AD46EB723B98F37A88B8D73DA10401001E7E7E77479793995381D4FACD6346DA6DD64CBB2E8E6E6863A9D0EB5DBED9EA537AD3643BC0F020822768927B153E937B1F9E9054DD328914890A669A4691ADDBF7F9F186363B5B4B8183B8E43EFDEBD23C3307A8267DB36599635354B95BFDB83070F687D7D1D2E2F04108CC3CAB9BCBC9C9A35E836E9F97B30C6485114628C513C1EBF7581B8A66974EFDE3D218B8C0B0917388E6118649A26599645DD6E7726AF06C0460704104CC81AACD56A64DBF6CCBEE3A025C8FF772C36FAF60537719B74FC2E28C96412561F04104C5A602E2E2EC652550688B5BFAAAAB89A000208A689699A54AD56E9EAEA6A6CA59AC0B035AAEB3AADADADA1BD21806056DCE27ABD3EB15324103EB4310410CCDC246DB55A54AFD7C9308C998F9DCD93AB9B4AA548D7759C9F8600827911C259DF28990732990C840F0208E6DD359EF41130081F80008299816F964CE358D8BC58CDFCB4CBCACA0A525A20806011E165A0AEAFAFC75AF8735E448F57CC4EA7D34867810082BB6615361A0DBABEBEBE33B1C2FEA37CE9749A344D839B0B208077DDFD6BB55A6418C6C25A86BCD417440F400081909B3C8DFA7951BD3F11F52CBD45AB6F0820806082D6E1CF3FFF3C545B8F9FD79DE6E913FE1EFCF9BC86613C1EA74C26D3AB500300041044263A44D47399798516DBB6C7228CFDDFC9AD3AEECE2A8AD22BC905B10310403075D7F3E6E6A6F7FFF37A7DBC4EA0E338D4ED765D3F1B8BC55CABC77091E3DCC50B9C0004102C88E52802040E400001006042C4D004000008200000400001000002080000104000008000020000041000002080000000010400000820000040000100000208000010400000800002000004100000208000000001040000082000008C99FB6882D198A6E979AF45A7D321A2F7F75E98A6F97E4589C548D3344A2412B72EF5F1FAEEEBEB6BB26D9B6CDBA6783C3E742F86611843170AF11BD1969797A57E5BABD5A276BB4DA669926118BDDFC96F5E4BA552944AA52816135B276DDBA666B3D96B9720C4E371D2344DF879DD6E979ACD26B5DB6DD70B97783FA4D369521465A8DDEBF53AD9B63DF4B9442241BAAEBBBEC3C5C505351A0D5255B5F7FD7EF0FE6BB7DBA4280AADAFAF07EAB74EA743D7D7D7B76EE1EBEFA3643249E9745AB88FC06D7027C8080E0E0E5C278928A3067CABD5A2939313A9F7531485F2F9BCAFD00ED26C36A956AB09FD36C618E9BAEE290A51B697E8F36CDBA6A3A323E10B977676767A6DD4ED76E9F0F070E47B663219DAD8D8B8F5EFAAD52AD5EBF548C6D5EEEE2EC5E371DFC5A952A908B7A7AEEB94CD6621847081A3A1D3E9484F66DBB6E9E4E484CECFCF87FE5B1493C9B66D2A954AD46C3685FEBEDBEDD2D1D11195CB65E1DFE6380ED56A352A954A3D2BD7CB9A956DAFC1E7795DA559AFD703DD36D76F917A597EFD341A8D5B7FD3E97422133F22A272B93CB28F4E4F4FE9E4E424507BD6EB753A3C3C1CD9470002284C2291A04C2613C977351A0DBABABABAF5EF52A954A413CA6FB274BB5D2A954A641846A867188641A552C9F339F1789CB2D96C64BF893FCF4D0483F64BBF85ECE6120F924AA56EFDCDC5C545A463CB300C6AB55A9E7D747D7D2DB5204204218091B0B1B12134A9755DF79D54B55AEDD6FFBFB2B242F97CDEF7BB33998C9058BA4DA87E64C4AFDF3A3B3D3DF5FCEF6B6B6BBEEDA5280A65B359D275DDF71E60C330A85AAD86165BC6D85088405114DADDDDF514D16C364B5B5B5BB744A9DD6E473EB6DCBEB35C2E47D247A3AC6700010CC4DADA1A2593C9917F93CBE5686F6F6FA450398E33B439904EA77DBF3B9D4EDF9A90412654BF05336A627151F213712E4AA32C22BF78A4AAAAB4B6B6D66B33BF670EBAA3FDFDE2B709A1EB3AA5D3E9E1411F8BB9FE7BB7F7F76A37C698EFBB2B8AE2F98E83565AB3D91C69F931C6289BCDFA8E173ED6DC160E00011C2B7EAE5918D7845B497E03DF6B3276BBDD91F12B4DD3686F6F8FD6D6D6687777576867B35EAF476261C46231212BD84B70FD2CC8B0A18FC1F673636767C7B74F344DA3ADAD2DD7F71C7CCEA08730F83B791F150A05A11080D7C2012080E36B4C9F1D38B7C0BD9FC5C4770BFDDC30AFC9787D7D3D72C3A0FFF9B158CC73C20EFE0ED18D1711C1F1B3A4C6E1828AB2BCBC3CD41EF97C9EE2F1B8EF7BF354153791EFB740FD36901289C4ADB195CBE584ACF5A8639710402065E1054D57217A1FD8167167BCBEDB2F276F70722B8AE2E91E0E5A1851E16775DAB61D794C2B485F148B45CA643294C96468676747A87D0645746767E7D677F40B98DFA6C760FBC462315A5D5DF57D6ED8CD94BB0412A123A0D3E990699A23DD189189EEC6C1C181AF806D6D6D8DCC990B6A95663219DFB40FD960FD60BBF84D56C330422D2051A028CA505E6018C1F57A7FBFB6745BC4D2E934552A15DFBEB56D5BC85A840082D0944A25DFBFC96432AE22251BA7D9DADA1A290C7EF9726E938BBB777EEF36EB932BCC82330DFCAC5B37818CC562944C267DC3031040B8C033311173B95C280BCD8FD3D3D3A11CC3201886E1FA0E22BB8DB31E641FF7A98820C9D8B2CF710BAF4CCB228600026192C924EDECEC8C6D323A8E43954A456AA7D42D8750C46A98E4048C7AC7370AF18E2AE158646CB8C55CE7C5C28500DE4152A914E5F3792A140A52E2B7BEBE2E94085DABD55C5D291121BBBCBC0C2C6EE348411985DFD9D9A002354BD6AB8890359BCDA1FE151957B012478318600416DED6D6562F4EC3180B3559474DFC743A4D3FFEF8A3EFDF5E5F5F0FED50261209DF1D5B5EC5653035C34FE0A3B28AFC360144DC71AFF658595919ABF516D562E9B781E6380ED5EB755A5B5B1316715888B000C74EBBDDA6582CD6DBE58B52FCFA577A91E457B70D8D542A2564AD55ABD55BA2E0279A5EA92041E362DD6ED73755C7EB5922F9836EA1814EA7E32A3841370B2CCB0ADC1F5E8B9CC8B3EBF5FAAD3EF2DB39D7751D131416E0EC0BA80822969CD76EA1AEEB421646A954A2743ADDAB5138CA22F372AD820A60B55A1DF919C698A7B529D226B55A8DAEAFAF7BDFD1E9743CDB3C88A5D9ED7685528CBADDAE90ABBABEBEEE5B1EADBF8F4CD31C3976782D44000194A2D3E9F8BA68171717B75C1351DCCA64B9ADFA22C555B9000EBAB244EFCFCD5E5F5FFBFE0EEE668D8231E6991367DBB6AF55D26F958D12234E3E9FF714106EDDFA89AE611842798BA282717575E51A37757B6EA954A25C2EE7DB7FCBCBCB944AA57CDB4FB48F448E1802B8C0BE03BD542AF94EB05AAD16F8D811AF2EECC7F5F5355D5C5CF4AAFFFA512E975D2BB6ECECEC486F5C30C6864E31709ACDA67041D45AAD46B55ACD57FC3299CCC8EAC9B158CC33BD2828BAAE0B2D329D4E2750A152C330E8F4F454E8244B3E9F8F246E97CBE5C6128A8100DE31821C250A5A303348D978FEDDA256A6DB77C76231DADBDB0B3DC1344DA39D9D1DCF8915D5D9604E369B153A7D914EA7A5AD9D4C26232CA461CAFD3B8E236481C66231A1220B5EF0525F707DE10247423A9D168AD171CB28A8C5211AFFE3939317690DBB41118BC5A8582CD2D5D515D56A35A1781D2F51EF27BEA26DE5472A95A26C361BC88249A7D3944824A85AAD065AB4344DA36C361BE88E0E5DD785C20983CF114D4789C562542814C6766D01B80DEE04F1815F5CE4B5F22712094AA552A15C0E9E7EE276F1115FD153A9D4D0046D369B54AFD78726A1A66994C9643C533F0669B55ABD0D0F7E2912638C344DA3783C4EC964329038F45FB2346AC20FFE5E5E1146A4328C489BF2F7E876BBB72E7BE296954C9FF5FF56C330465A8461DA70549B0EF691D7F80010400000F0B7B8D10400000820000040000100000208000010400000800002000004100000E69FB93E09D2E974E8FAFAFA56650C45514855D55E01015EB5637979D933C99627B506819729E7CFCD66B39E99F8A3129E1389845006BF6DDB43E590F8EFE5272164E06DE09594CDDBD3ED39CD66936CDB1E4A0AE6956844DE8D5F0CEED63EE9743A7082F4C5C505D5EBF55EE2702A95A25C2E17E94989FEF1675956EFD4064F524E2693148FC77B7D964EA7473EDFEF0E672F78BFD9B6DDBB7EC1ABCDF9381C1C47B1584CF8048E575FA55229DFDF386BCC6522B4699A54AD56031DBDE2C7D5063BF8EAEACAF7762D513299CCD0F9D556ABE55BE6C8ED7383BFD7AF2843369B0D5591C6B66D3A3A3A122E6335F89CD3D353DFE3673B3B3B2345B05AAD8E9CF88C312A168BC222787E7EEE7A5CD06B0C84592C821444E87F7E3E9FF73CB9F1EAD5AB48EE19F16A2FBF621522EDECD5B6FD0BF2DEDE1E5CE0718A5FA9540A7CEED4711C3A3939195AB5A2BC74DB6D6088ACE88D4663E491AA72B91CEA763711FCEAF18D7A0E3F2628F28C51DFE7D746FC7A475141F79AA05E6340946EB74BA7A7A774727212AAA4BEE338542E975D9F6F9A6664972C398E3374CF4BABD512AA5F38AA445BB3D914AA2E1E762C42000506E0C9C949E881C2DDC87EF2F97CA4F75B0C76BE68555EAF725ADC65F123AC0B1CF4B7F75B4FFCACAB888BE6552D46B48C98E87B8A5CE5592E97438DBD52A9247DD9B8E338AE6D118FC723ADE03CF89E894442A81250BBDDF61430BFA2BABC9FE6A914FF5C0960B95CF61DE08AA28C9C2C8303835748F173AF52A9146D6F6FD3CECE0EADAFAF93AEEB429372797999D6D7D785069EDBED6C22832E994C86727F898836363684CAED73F777B06CD4D6D696D08077FB1D220551B90B2DEAB68A5877A38A5B8C1A7B7E0B91A669944C267DC785D7F7E47239CA66B3BEE37B7D7D9D767676687B7B9BB2D9AC50FBC76231E17A836E8B128FF38AF4D53CC500E74A00FD56DF4C26437B7B7BB4BFBFEF69D9B90D3E45517C452097CBD1F2F2726F2340D775D722A36E96D8CACA8A90A534188B141D742275F3FC3EEF373114457115D9582C465B5B5B4296D9E0C412B1FE8294921A252E41DC72B7C93F6AEC31C6687777978AC522150A05DADFDFF715322FFC16B2542A452B2B2BB736A58AC5E2D0F8756BB3783C2E54F7D06D311659883399CCDC15629D1B011459B1FBCB13A5D369D7EAC55E422722007CD21E1E1ED2C1C1011986D17B06636CA4A5273289F96E719041D7FF6E32F85DBDA9AAAAF4F3EBF57ACF4213B5FE44AE040D2380A3DCF2A056F8D6D6D6D0C45F5B5BF31441BFB130AA3DF982DBED76E9E0E0804AA5121D1D1DD1C6C646CF854E26939E352145DDD3FEC55874218E621C4E9AB949831115C052A9D4AB9396C964687777974E4F4FA9DD6E533299F48CB3889AEDFDEF51ABD5686F6F2FD25DAF6AB5DABB1B4264D04D2ADE12C5FDB2FD573B06BD4240D4FD0D12A3ABD56ABED593FD360F781D432F6B6E705366D4254FFD8B8D5FDF773A9D5E2CDC300C6AB55A94CBE57C2D3CD171DE7F55AAE8423C8F7710CF8D0006695CBED951AFD77BEEEDD6D696546CA2D96C92A228B7AC96715CAEED384EEF263311267D41B92C7C3245B9FBDEDF474170BB0FD9CD1D0C6B19F3F082AEEBBDCBAD64CBD5773A1DEA743A43BBB18661445E18B55AADF6F20B1795B911404DD3846E00731BE45C50F2F97CE81885D7CE61A7D3897CE50B930C3B8F2218F5C23778531B8FBB8E12313F2BD0EF027511B72F1E8F4BC769FB05D9EDF7044DE40F62B12F32732380A2F7DBFAB9C741126AC1FCE016A7D2759DE2F1381D1C1C4859817E0BECA01BDE6C36A9DD6EF7AE1A181465EE3647797951D8DCC6BBCE5CED02AFADAD49C5BC1CC7194BEC098C0FD1893D68A9288AD23BFEE8B7C32F63E5589675EB5D0F0E0EA852A9785E9CD46EB7A9D16850B95C16BA171A40006FB9235B5B5B817706FB69341AA1564B45515CC557D49A748BA388C6EFE62DCE17E53B8BB8766E97D777BB5D3A3E3EA6E3E363DFEFF0BBDCC8AF5F79DF369BCD40211A917BA1DD70CB35140DEDB8FD4ED1313C8FE3706104B05AADD2E1E1211D1D1DF59292C37648987849369BA562B1784B041545E90D1EDBB6E9EAEACA535CDD045024272B93C9CC55663D87DF5027D2AEB2B859F58EE3F4E26522FDEDE519881672082242418567B05D0B85C2D0D8E16384BBE041045D748C4575093D0430047C57D4711CAA56AB148FC7696F6F8FF2F9BC94451874B0F64F88D5D5D59EB81D1D1D51A552A1838303610B53A4CA895F62EC3882DFA296C32871E7BFCFCF9291DD40B26D3B921D65AF23602263AB5EAF936DDB944824687D7D5DE834085FC4C35AD6FDEFC5D3BE88DE6FD695CB652A954A81C23D7EC7F032998CEF589DC738E4DC08607FE33A8E43A7A7A7BD49B6B5B5457B7B7B52D6845FE7F1FFCECB5EEDECECD0CACA4AEF803C777D1CC709948B36EA9D45065D5407E86545C8CB7A1A750226ECF13D11CB2D0C5E677445FAA0542A91699AB4B2B242854261A4F8A75229D7E4694E7F5CD173E2FEBFA36DBAAED3EEEE2EC562B1A1132B415C6CBFC558A4AF26B518DF49011C34D10DC3A0C3C3C3DE911D7E54CB6FB032C65CAD0E9138111F78FDF5D644CE887A7DBF6DDB944EA73DAD053E89FC442E8A95D7EF378415DA51271244ACBF5196A7699AAE939CD7E2E3FF88BA9A8D46C355CC45CE72DBB64DA55289CECFCFE9EAEA6A644EA29F55392AEFAEDFDA4DA7D3BD1A879D4E672855CB6D5C8D6A4FAF90452A952245511672A7796ED260E2F1F890AB63DB76AFD65E3299147285BC4C7DBF98C9E044731CC735F8EE26D6DD6ED755404CD32445515CD37BB87BE8964AE1E682C958532265AD0CC3A0F3F373D77C36B7CFF2DFCB4F12B8A5A8787D76F0B9A6690E594B6E139E4F7AB793397C87D64FC84F4F4F696B6BEB96682E2F2F532693F1B5A81CC7F1FD1B5EC0D60BB78218839C9F9FDF7A3FC3305CDBD12DAEE73696AEAFAF696D6DAD97B03DD846BCAFFC7E5BA3D1102AEE0B0B30047E017511F1D3346D48006DDBA6E3E363DFCFF3846AFE4FBD5E771D4C8CB15B93B5D56A79E6A195CB65EA743AAE9565D2E9742FB6E847AD560B7C0AA25F1844CB43351A0DBABABA1A9A8C6E69248661F4DE7DD0CDE722D06C36856A01964AA55BD6C7F9F939954A25574BC9711C3A3A3ABAF5F7DD6E970E0F0F85AC58FEDE8309D01B1B1B42052DFCBC8F5171BFABAB2BA1BE68341AB7C6A2D722D26F61F35D71B7BF350C834E4F4F7BB9B66E967AB55AF55DAC6CDBA6C3C343B8C0E3B20065363B344D732DD5C39356A3627000552A15CF89C7377406071E1788FEF39E7E84AD53275A6FD0ED396E47B20627D6D5D5D5507C892F66A2F977FD71D56EB7EB6B890C163A087A9CCBCB922B140AA16BF631C646C6FDFCC64A50062D4DBF71CE4BFB0F2EC67CF112ED2BDBB67D4FCF40004392CFE72993C9044A7F618C51369BF5AC5316E53136C6D8D004F13B2BCADD145DD77BC7FDF2F97CCF0A14B13AF86F0C43229108D49EFD934AF418188FA331C66ED52E142D469BC9647ACF75B352BC04A0BF8D83FC464DD33CDB3397CBD1CECE4E206B3093C950B158F41D6B51A63B0D7A4C7E293A8C318AC562BD18378FFDF1F3C57C4C8A1800F354126B2EEF04E976BBBDF81B8FDDF1D58D57A4E5C78D52A9946F4C821F300F437F226C2E971BEA7C9E97E55688955F22E3F75B6BB59AE7AA1A8FC7A5EBB0F1E3605E6D108FC7495555D78BA53A9D8EEB31346EB1FB4D7AD3347B69246EF0FA778354AB55D736F1BA24CAAB1FDC1604D138168F9D724B9D5BD2FD97228DBA8CCBAD1F5AAD56282B905FD2C5DBDE2D676F545FE9BAEEFB9EAD56CBF320412C16A36432E9DA5710400000800B0C000010400000800002000004100000208000000001040000082000004000010000020800001040000080000200000410000020800000000104000008200000400001000002080080000200000410000020800000000104000008200000400001000002080000104000008000020000041000002080000000010400000820000040000100000208000010400000800002000004100000C6C7FF0D00112A7AC9908E62C60000000049454E44AE426082', 'image/png', 'default.png');

insert into produto (id, nome, codigo_de_barras, descricao, data_cadastro, avatar_id, imagem_content_type) values
(1, 'gua de Coco 200ml', '123', 'Caixa Tetra Pack 200ml', '2017-08-19', 1, null ),
(2, 'Agua de Coco 500ml', '1234', 'Caixa Tetra Pack 500ml', '2017-08-19', 2, null ),
(3, 'Coco Ralado 150g', '12345', 'Pacote 150g', '2017-08-19', 3, null ),
(4, 'leo de Coco Sococo 200ml', '123456', 'Pote 200ml', '2017-08-19', 4, null );

insert into movimentacao (id, data_hora, observacao, situacao, lote, produto_id, usuario_id) values
(1, '2017-08-19', 'Sem observao', 'Normal', '01', 1, 2),
(2, '2017-08-19', 'Sem observao', 'Normal', '01', 2, 2),
(3, '2017-08-19', 'Sem observao', 'Normal', '01', 3, 2),
(4, '2017-08-19', 'Sem observao', 'Normal', '01', 4, 2);


